-- phpMyAdmin SQL Dump
-- version 5.2.0
-- https://www.phpmyadmin.net/
--
-- Servidor: 127.0.0.1
-- Tiempo de generación: 08-06-2022 a las 17:49:05
-- Versión del servidor: 10.4.24-MariaDB
-- Versión de PHP: 8.1.6

SET SQL_MODE = "NO_AUTO_VALUE_ON_ZERO";
START TRANSACTION;
SET time_zone = "+00:00";


/*!40101 SET @OLD_CHARACTER_SET_CLIENT=@@CHARACTER_SET_CLIENT */;
/*!40101 SET @OLD_CHARACTER_SET_RESULTS=@@CHARACTER_SET_RESULTS */;
/*!40101 SET @OLD_COLLATION_CONNECTION=@@COLLATION_CONNECTION */;
/*!40101 SET NAMES utf8mb4 */;

--
-- Base de datos: `kristell_bd`
--

-- --------------------------------------------------------

--
-- Estructura de tabla para la tabla `categoriaenfermedades`
--

CREATE TABLE `categoriaenfermedades` (
  `idCategoria` int(11) NOT NULL,
  `categoria` varchar(100) NOT NULL
) ENGINE=InnoDB DEFAULT CHARSET=utf8mb4;

--
-- Volcado de datos para la tabla `categoriaenfermedades`
--

INSERT INTO `categoriaenfermedades` (`idCategoria`, `categoria`) VALUES
(1, 'Prevencion'),
(2, 'Operatorio'),
(3, 'Endodoncia'),
(4, 'Periodoncia'),
(5, 'Cirujia');

-- --------------------------------------------------------

--
-- Estructura de tabla para la tabla `categoriameicamento`
--

CREATE TABLE `categoriameicamento` (
  `idCategoriaMedicamento` int(11) NOT NULL,
  `categoria` varchar(100) NOT NULL,
  `descripcion` varchar(200) NOT NULL
) ENGINE=InnoDB DEFAULT CHARSET=utf8mb4;

--
-- Volcado de datos para la tabla `categoriameicamento`
--

INSERT INTO `categoriameicamento` (`idCategoriaMedicamento`, `categoria`, `descripcion`) VALUES
(1, 'Antibioticos', 'Uso para infecciones dentales');

-- --------------------------------------------------------

--
-- Estructura de tabla para la tabla `citas`
--

CREATE TABLE `citas` (
  `idCita` int(11) NOT NULL,
  `fecha` date NOT NULL,
  `hora` time NOT NULL DEFAULT '00:00:00',
  `estado` tinyint(1) NOT NULL,
  `idEspecialista` int(11) NOT NULL,
  `idPaciente` int(11) NOT NULL
) ENGINE=InnoDB DEFAULT CHARSET=utf8mb4 COLLATE=utf8mb4_spanish_ci;

--
-- Volcado de datos para la tabla `citas`
--

INSERT INTO `citas` (`idCita`, `fecha`, `hora`, `estado`, `idEspecialista`, `idPaciente`) VALUES
(1, '2022-06-04', '14:00:00', 2, 1, 2),
(2, '2022-06-03', '09:00:00', 2, 1, 4),
(3, '2022-06-05', '10:30:00', 0, 1, 3),
(4, '2022-06-04', '16:30:00', 2, 1, 4),
(5, '2022-06-04', '15:00:00', 0, 1, 2),
(6, '2022-06-06', '14:30:00', 1, 2, 3);

-- --------------------------------------------------------

--
-- Estructura de tabla para la tabla `comprobante`
--

CREATE TABLE `comprobante` (
  `numero` char(4) NOT NULL,
  `serieComprobante` char(6) NOT NULL,
  `fecha` date NOT NULL,
  `subTotal` double NOT NULL,
  `descuento` double NOT NULL,
  `total` double NOT NULL,
  `idTipoDocumento` int(11) NOT NULL,
  `idPaciente` int(11) NOT NULL,
  `idEspecialista` int(11) NOT NULL
) ENGINE=InnoDB DEFAULT CHARSET=utf8mb4;

-- --------------------------------------------------------

--
-- Estructura de tabla para la tabla `consulta`
--

CREATE TABLE `consulta` (
  `idConsulta` int(11) NOT NULL,
  `fecha` date NOT NULL,
  `hora` time NOT NULL DEFAULT '00:00:00',
  `motivoConsulta` varchar(200) COLLATE utf8mb4_spanish_ci NOT NULL,
  `idPaciente` int(11) NOT NULL,
  `codigoTarifa` char(6) CHARACTER SET utf8mb4 NOT NULL,
  `idEspecialista` int(11) NOT NULL
) ENGINE=InnoDB DEFAULT CHARSET=utf8mb4 COLLATE=utf8mb4_spanish_ci;

-- --------------------------------------------------------

--
-- Estructura de tabla para la tabla `datosempresa`
--

CREATE TABLE `datosempresa` (
  `idEmpresa` int(11) NOT NULL,
  `razonSocial` varchar(100) COLLATE utf8mb4_spanish_ci NOT NULL,
  `direccion` varchar(100) COLLATE utf8mb4_spanish_ci NOT NULL,
  `numDocumento` char(11) COLLATE utf8mb4_spanish_ci NOT NULL,
  `telefono` char(15) COLLATE utf8mb4_spanish_ci NOT NULL,
  `email` varchar(100) COLLATE utf8mb4_spanish_ci NOT NULL,
  `facebook` varchar(100) COLLATE utf8mb4_spanish_ci NOT NULL,
  `codDistrito` char(8) CHARACTER SET utf8mb4 NOT NULL,
  `idTipoDoc` int(11) NOT NULL
) ENGINE=InnoDB DEFAULT CHARSET=utf8mb4 COLLATE=utf8mb4_spanish_ci;

--
-- Volcado de datos para la tabla `datosempresa`
--

INSERT INTO `datosempresa` (`idEmpresa`, `razonSocial`, `direccion`, `numDocumento`, `telefono`, `email`, `facebook`, `codDistrito`, `idTipoDoc`) VALUES
(1, 'KRISTELL DENT', 'JR.', '32165478978', '978456123', 'KRISTELLDENT@GMAIL.COM', '', '10201', 3);

-- --------------------------------------------------------

--
-- Estructura de tabla para la tabla `departamento`
--

CREATE TABLE `departamento` (
  `idDepartamento` int(11) NOT NULL,
  `departamento` varchar(100) NOT NULL,
  `avPais` char(2) NOT NULL
) ENGINE=InnoDB DEFAULT CHARSET=utf8mb4;

--
-- Volcado de datos para la tabla `departamento`
--

INSERT INTO `departamento` (`idDepartamento`, `departamento`, `avPais`) VALUES
(1, 'AMAZONAS', 'PE'),
(2, 'ÁNCASH', 'PE'),
(3, 'APURÍMAC', 'PE'),
(4, 'AREQUIPA', 'PE'),
(5, 'AYACUCHO', 'PE'),
(6, 'CAJAMARCA', 'PE'),
(7, 'CALLAO', 'PE'),
(8, 'CUSCO', 'PE'),
(9, 'HUANCAVELICA', 'PE'),
(10, 'HUÁNUCO', 'PE'),
(11, 'ICA', 'PE'),
(12, 'JUNÍN', 'PE'),
(13, 'LA LIBERTAD', 'PE'),
(14, 'LAMBAYEQUE', 'PE'),
(15, 'LIMA', 'PE'),
(16, 'LORETO', 'PE'),
(17, 'MADRE DE DIOS', 'PE'),
(18, 'MOQUEGUA', 'PE'),
(19, 'PASCO', 'PE'),
(20, 'PIURA', 'PE'),
(21, 'PUNO', 'PE'),
(22, 'SAN MARTIN', 'PE'),
(23, 'TACNA', 'PE'),
(24, 'TUMBES', 'PE'),
(25, 'UCAYALI', 'PE');

-- --------------------------------------------------------

--
-- Estructura de tabla para la tabla `detallecomprobante`
--

CREATE TABLE `detallecomprobante` (
  `cantidad` int(11) NOT NULL,
  `precioUnitario` double NOT NULL,
  `valorDeVenta` double NOT NULL,
  `serieComprobante` char(6) NOT NULL,
  `codigoTarifa` char(6) NOT NULL
) ENGINE=InnoDB DEFAULT CHARSET=utf8mb4;

-- --------------------------------------------------------

--
-- Estructura de tabla para la tabla `detallereceta`
--

CREATE TABLE `detallereceta` (
  `prescripcion` varchar(200) NOT NULL,
  `cantidad` int(11) NOT NULL,
  `serieReceta` char(8) NOT NULL,
  `idMedicamento` int(11) NOT NULL
) ENGINE=InnoDB DEFAULT CHARSET=utf8mb4;

-- --------------------------------------------------------

--
-- Estructura de tabla para la tabla `distrito`
--

CREATE TABLE `distrito` (
  `codigoPostal` char(8) NOT NULL,
  `distrito` varchar(100) NOT NULL,
  `idProvincia` int(11) NOT NULL
) ENGINE=InnoDB DEFAULT CHARSET=utf8mb4;

--
-- Volcado de datos para la tabla `distrito`
--

INSERT INTO `distrito` (`codigoPostal`, `distrito`, `idProvincia`) VALUES
('-', 'PUTIS', 46),
('100101', 'HUÁNUCO', 88),
('100102', 'AMARILIS', 88),
('100103', 'CHINCHAO', 88),
('100104', 'CHURUBAMBA', 88),
('100105', 'MARGOS', 88),
('100106', 'QUISQUI', 88),
('100107', 'SAN FRANCISCO DE CAYRÁN', 88),
('100108', 'SAN PEDRO DE CHAULÁN', 88),
('100109', 'SANTA MARÍA DEL VALLE', 88),
('100110', 'YARUMAYO', 88),
('100111', 'PILLCO MARCA', 88),
('100112', 'YACUS', 88),
('100113', 'SAN PABLO DE PILLAO', 88),
('100201', 'AMBO', 89),
('100202', 'CAYNA', 89),
('100203', 'COLPAS', 89),
('100204', 'CONCHAMARCA', 89),
('100205', 'HUÁCAR', 89),
('100206', 'SAN FRANCISCO', 89),
('100207', 'SAN RAFAEL', 89),
('100208', 'TOMAY KICHWA', 89),
('100301', 'LA UNIÓN', 90),
('100307', 'CHUQUIS', 90),
('100311', 'MARÍAS', 90),
('100313', 'PACHAS', 90),
('100316', 'QUIVILLA', 90),
('100317', 'RIPÁN', 90),
('100321', 'SHUNQUI', 90),
('100322', 'SILLAPATA', 90),
('100323', 'YANAS', 90),
('100401', 'HUACAYBAMBA', 91),
('100402', 'CANCHABAMBA', 91),
('100403', 'COCHABAMBA', 91),
('100404', 'PINRA', 91),
('100501', 'LLATA', 92),
('100502', 'ARANCAY', 92),
('100503', 'CHAVÍN DE PARIARCA', 92),
('100504', 'JACAS GRANDE', 92),
('100505', 'JIRCAN', 92),
('100506', 'MIRAFLORES', 92),
('100507', 'MONZÓN', 92),
('100508', 'PUNCHAO', 92),
('100509', 'PUÑOS', 92),
('100510', 'SINGA', 92),
('100511', 'TANTAMAYO', 92),
('100601', 'RUPA-RUPA', 93),
('100602', 'DANIEL ALOMÍA ROBLES', 93),
('100603', 'HERMILIO VALDIZÁN', 93),
('100604', 'JOSÉ CRESPO Y CASTILLO', 93),
('100605', 'LUYANDO', 93),
('100606', 'MARIANO DÁMASO BERAUN', 93),
('100607', 'PUCAYACU', 93),
('100608', 'CASTILLO GRANDE', 93),
('100609', 'PUEBLO NUEVO', 93),
('100610', 'SANTO DOMINGO DE ANDA', 93),
('100701', 'HUACRACHUCO', 94),
('100702', 'CHOLÓN', 94),
('100703', 'SAN BUENAVENTURA', 94),
('100704', 'LA MORADA', 94),
('100705', 'SANTA ROSA DE ALTO YANAJANCA', 94),
('100801', 'PANAO', 95),
('100802', 'CHAGLLA', 95),
('100803', 'MOLINO', 95),
('100804', 'UMARI', 95),
('100901', 'PUERTO INCA', 96),
('100902', 'CODO DEL POZUZO', 96),
('100903', 'HONORIA', 96),
('100904', 'TOURNAVISTA', 96),
('100905', 'YUYAPICHIS', 96),
('101001', 'JESÚS', 97),
('101002', 'BAÑOS', 97),
('101003', 'JIVIA', 97),
('101004', 'QUEROPALCA', 97),
('101005', 'RONDOS', 97),
('101006', 'SAN FRANCISCO DE ASÍS', 97),
('101007', 'SAN MIGUEL DE CAURI', 97),
('10102', 'ASUNCIÓN', 1),
('10103', 'BALSAS', 1),
('10104', 'CHETO', 1),
('10105', 'CHILIQUÍN', 1),
('10106', 'CHUQUIBAMBA', 1),
('10107', 'GRANADA', 1),
('10108', 'HUANCAS', 1),
('10109', 'LA JALCA', 1),
('10110', 'LEIMEBAMBA', 1),
('101101', 'CHAVINILLO', 98),
('101102', 'CÁHUAC', 98),
('101103', 'CHACABAMBA', 98),
('101104', 'APARICIO POMARES', 98),
('101105', 'JACAS CHICO', 98),
('101106', 'OBAS', 98),
('101107', 'PAMPAMARCA', 98),
('101108', 'CHORAS', 98),
('10111', 'LEVANTO', 1),
('10112', 'MAGDALENA', 1),
('10113', 'MARISCAL CASTILLA', 1),
('10114', 'MOLINOPAMPA', 1),
('10115', 'MONTEVIDEO', 1),
('10116', 'OLLEROS', 1),
('10117', 'QUINJALCA', 1),
('10118', 'SAN FRANCISCO DE DAGUAS', 1),
('10119', 'SAN ISIDRO DE MAINO', 1),
('10120', 'SOLOCO', 1),
('10121', 'SONCHE', 1),
('10201', 'BAGUA', 2),
('10202', 'ARAMANGO', 2),
('10203', 'COPALLÍN', 2),
('10204', 'EL PARCO', 2),
('10205', 'IMAZA', 2),
('10206', 'LA PECA', 2),
('10301', 'JUMBILLA', 3),
('10302', 'CHISQUILLA', 3),
('10303', 'CHURUJA', 3),
('10304', 'COROSHA', 3),
('10305', 'CUISPES', 3),
('10306', 'FLORIDA', 3),
('10307', 'JAZÁN', 3),
('10308', 'RECTA', 3),
('10309', 'SAN CARLOS', 3),
('10310', 'SHIPASBAMBA', 3),
('10311', 'VALERA', 3),
('10312', 'YAMBRASBAMBA', 3),
('10401', 'NIEVA', 4),
('10402', 'EL CENEPA', 4),
('10403', 'RÍO SANTIAGO', 4),
('10501', 'LÁMUD', 5),
('10502', 'CAMPORREDONDO', 5),
('10503', 'COCABAMBA', 5),
('10504', 'COLCAMAR', 5),
('10505', 'CONILA', 5),
('10506', 'INGUILPATA', 5),
('10507', 'LONGUITA', 5),
('10508', 'LONYA CHICO', 5),
('10509', 'LUYA', 5),
('10510', 'LUYA VIEJO', 5),
('10511', 'MARÍA', 5),
('10512', 'OCALLI', 5),
('10513', 'OCUMAL', 5),
('10514', 'PISUQUÍA', 5),
('10515', 'PROVIDENCIA', 5),
('10516', 'SAN CRISTÓBAL', 5),
('10517', 'SAN FRANCISCO DEL YESO', 5),
('10518', 'SAN JERÓNIMO', 5),
('10519', 'SAN JUAN DE LOPECANCHA', 5),
('10520', 'SANTA CATALINA', 5),
('10521', 'SANTO TOMÁS', 5),
('10522', 'TINGO', 5),
('10523', 'TRITA', 5),
('10601', 'SAN NICOLÁS', 6),
('10602', 'CHIRIMOTO', 6),
('10603', 'COCHAMAL', 6),
('10604', 'HUAMBO', 6),
('10605', 'LIMABAMBA', 6),
('10606', 'LONGAR', 6),
('10607', 'MARISCAL BENAVIDES', 6),
('10608', 'MÍLPUC', 6),
('10609', 'OMIA', 6),
('10610', 'SANTA ROSA', 6),
('10611', 'TOTORA', 6),
('10612', 'VISTA ALEGRE', 6),
('10701', 'BAGUA GRANDE', 7),
('10702', 'CAJARURO', 7),
('10703', 'CUMBA', 7),
('10704', 'EL MILAGRO', 7),
('10705', 'JAMALCA', 7),
('10706', 'LONYA GRANDE', 7),
('10707', 'YAMÓN', 7),
('110101', 'ICA', 99),
('110102', 'LA TINGUIÑA', 99),
('110103', 'LOS AQUIJES', 99),
('110104', 'OCUCAJE', 99),
('110105', 'PACHACÚTEC', 99),
('110106', 'PARCONA', 99),
('110107', 'PUEBLO NUEVO', 99),
('110108', 'SALAS', 99),
('110109', 'SAN JOSÉ DE LOS MOLINOS', 99),
('110110', 'SAN JUAN BAUTISTA', 99),
('110111', 'SANTIAGO', 99),
('110112', 'SUBTANJALLA', 99),
('110113', 'TATE', 99),
('110114', 'YAUCA DEL ROSARIO', 99),
('110201', 'CHINCHA ALTA', 100),
('110202', 'ALTO LARÁN', 100),
('110203', 'CHAVÍN', 100),
('110204', 'CHINCHA BAJA', 100),
('110205', 'EL CARMEN', 100),
('110206', 'GROCIO PRADO', 100),
('110207', 'PUEBLO NUEVO', 100),
('110208', 'SAN JUAN DE YANAC', 100),
('110209', 'SAN PEDRO DE HUACARPANA', 100),
('110210', 'SUNAMPE', 100),
('110211', 'TAMBO DE MORA', 100),
('110301', 'NAZCA', 101),
('110302', 'CHANGUILLO', 101),
('110303', 'EL INGENIO', 101),
('110304', 'MARCONA', 101),
('110305', 'VISTA ALEGRE', 101),
('110401', 'PALPA', 102),
('110402', 'LLIPATA', 102),
('110403', 'RÍO GRANDE', 102),
('110404', 'SANTA CRUZ', 102),
('110405', 'TIBILLO', 102),
('110501', 'PISCO', 103),
('110502', 'HUANCANO', 103),
('110503', 'HUMAY', 103),
('110504', 'INDEPENDENCIA', 103),
('110505', 'PARACAS', 103),
('110506', 'SAN ANDRÉS', 103),
('110507', 'SAN CLEMENTE', 103),
('110508', 'TÚPAC AMARU INCA', 103),
('120101', 'HUANCAYO', 104),
('120104', 'CARHUACALLANGA', 104),
('120105', 'CHACAPAMPA', 104),
('120106', 'CHICCHE', 104),
('120107', 'CHILCA', 104),
('120108', 'CHONGOS ALTO', 104),
('120111', 'CHUPURO', 104),
('120112', 'COLCA', 104),
('120113', 'CULLHUAS', 104),
('120114', 'EL TAMBO', 104),
('120116', 'HUACRAPUQUIO', 104),
('120117', 'HUALHUAS', 104),
('120119', 'HUANCÁN', 104),
('120120', 'HUASICANCHA', 104),
('120121', 'HUAYUCACHI', 104),
('120122', 'INGENIO', 104),
('120124', 'PARIAHUANCA', 104),
('120125', 'PILCOMAYO', 104),
('120126', 'PUCARÁ', 104),
('120127', 'QUICHUAY', 104),
('120128', 'QUILCAS', 104),
('120129', 'SAN AGUSTÍN DE CAJAS', 104),
('120130', 'SAN JERÓNIMO DE TUNÁN', 104),
('120132', 'SAN PEDRO DE SAÑO', 104),
('120133', 'SAPALLANGA', 104),
('120134', 'SICAYA', 104),
('120135', 'SANTO DOMINGO DE ACOBAMBA', 104),
('120136', 'VIQUES', 104),
('120201', 'CONCEPCIÓN', 105),
('120202', 'ACO', 105),
('120203', 'ANDAMARCA', 105),
('120204', 'CHAMBARA', 105),
('120205', 'COCHAS', 105),
('120206', 'COMAS', 105),
('120207', 'HEROÍNAS TOLEDO', 105),
('120208', 'MANZANARES', 105),
('120209', 'MARISCAL CASTILLA', 105),
('120210', 'MATAHUASI', 105),
('120211', 'MITO', 105),
('120212', 'NUEVE DE JULIO', 105),
('120213', 'ORCOTUNA', 105),
('120214', 'SAN JOSÉ DE QUERO', 105),
('120215', 'SANTA ROSA DE OCOPA', 105),
('120301', 'CHANCHAMAYO', 106),
('120302', 'PERENÉ', 106),
('120303', 'PICHANAQUI', 106),
('120304', 'SAN LUIS DE SHUARO', 106),
('120305', 'SAN RAMÓN', 106),
('120306', 'VÍTOC', 106),
('120401', 'JAUJA', 107),
('120402', 'ACOLLA', 107),
('120403', 'APATA', 107),
('120404', 'ATAURA', 107),
('120405', 'CANCHAYLLO', 107),
('120406', 'CURICACA', 107),
('120407', 'EL MANTARO', 107),
('120408', 'HUAMALÍ', 107),
('120409', 'HUARIPAMPA', 107),
('120410', 'HUERTAS', 107),
('120411', 'JANJAILLO', 107),
('120412', 'JULCÁN', 107),
('120413', 'LEONOR ORDÓÑEZ', 107),
('120414', 'LLOCLLAPAMPA', 107),
('120415', 'MARCO', 107),
('120416', 'MASMA', 107),
('120417', 'MASMA CHICCHE', 107),
('120418', 'MOLINOS', 107),
('120419', 'MONOBAMBA', 107),
('120420', 'MUQUI', 107),
('120421', 'MUQUIYAUYO', 107),
('120422', 'PACA', 107),
('120423', 'PACCHA', 107),
('120424', 'PANCÁN', 107),
('120425', 'PARCO', 107),
('120426', 'POMACANCHA', 107),
('120427', 'RICRÁN', 107),
('120428', 'SAN LORENZO', 107),
('120429', 'SAN PEDRO DE CHUNÁN', 107),
('120430', 'SAUSA', 107),
('120431', 'SINCOS', 107),
('120432', 'TUNANMARCA', 107),
('120433', 'YAULI', 107),
('120434', 'YAUYOS', 107),
('120501', 'JUNÍN', 108),
('120502', 'CARHUAMAYO', 108),
('120503', 'ONDORES', 108),
('120504', 'ULCUMAYO', 108),
('120601', 'SATIPO', 109),
('120602', 'COVIRIALI', 109),
('120603', 'LLAYLLA', 109),
('120604', 'MAZAMARI', 109),
('120605', 'PAMPA HERMOSA', 109),
('120606', 'PANGOA', 109),
('120607', 'RÍO NEGRO', 109),
('120608', 'RÍO TAMBO', 109),
('120609', 'VIZCATÁN DEL ENE', 109),
('120701', 'TARMA', 110),
('120702', 'ACOBAMBA', 110),
('120703', 'HUARICOLCA', 110),
('120704', 'HUASAHUASI', 110),
('120705', 'LA UNIÓN', 110),
('120706', 'PALCA', 110),
('120707', 'PALCAMAYO', 110),
('120708', 'SAN PEDRO DE CAJAS', 110),
('120709', 'TAPO', 110),
('120801', 'LA OROYA', 111),
('120802', 'CHACAPALPA', 111),
('120803', 'HUAY HUAY', 111),
('120804', 'MARCAPOMACOCHA', 111),
('120805', 'MOROCOCHA', 111),
('120806', 'PACCHA', 111),
('120807', 'SANTA BÁRBARA DE CARHUACAYÁN', 111),
('120808', 'SANTA ROSA DE SACCO', 111),
('120809', 'SUITUCANCHA', 111),
('120810', 'YAULI', 111),
('120901', 'CHUPACA', 112),
('120902', 'ÁHUAC', 112),
('120903', 'CHONGOS BAJO', 112),
('120904', 'HUÁCHAC', 112),
('120905', 'HUAMANCACA CHICO', 112),
('120906', 'SAN JUAN DE YSCOS', 112),
('120907', 'SAN JUAN DE JARPA', 112),
('120908', 'TRES DE DICIEMBRE', 112),
('120909', 'YANACANCHA', 112),
('130101', 'TRUJILLO', 113),
('130102', 'EL PORVENIR', 113),
('130103', 'FLORENCIA DE MORA', 113),
('130104', 'HUANCHACO', 113),
('130105', 'LA ESPERANZA', 113),
('130106', 'LAREDO', 113),
('130107', 'MOCHE', 113),
('130108', 'POROTO', 113),
('130109', 'SALAVERRY', 113),
('130110', 'SIMBAL', 113),
('130111', 'VÍCTOR LARCO HERRERA', 113),
('130201', 'ASCOPE', 114),
('130202', 'CHICAMA', 114),
('130203', 'CHOCOPE', 114),
('130204', 'MAGDALENA DE CAO', 114),
('130205', 'PAIJÁN', 114),
('130206', 'RÁZURI', 114),
('130207', 'SANTIAGO DE CAO', 114),
('130208', 'CASA GRANDE', 114),
('130301', 'BOLÍVAR', 115),
('130302', 'BAMBAMARCA', 115),
('130303', 'CONDORMARCA', 115),
('130304', 'LONGOTEA', 115),
('130305', 'UCHUMARCA', 115),
('130306', 'UCUNCHA', 115),
('130401', 'CHEPÉN', 116),
('130402', 'PACANGA', 116),
('130403', 'PUEBLO NUEVO', 116),
('130501', 'JULCÁN', 117),
('130502', 'CALAMARCA', 117),
('130503', 'CARABAMBA', 117),
('130504', 'HUASO', 117),
('130601', 'OTUZCO', 118),
('130602', 'AGALLPAMPA', 118),
('130604', 'CHARAT', 118),
('130605', 'HUARANCHAL', 118),
('130606', 'LA CUESTA', 118),
('130608', 'MACHE', 118),
('130610', 'PARANDAY', 118),
('130611', 'SALPO', 118),
('130613', 'SINSICAP', 118),
('130614', 'USQUIL', 118),
('130701', 'SAN PEDRO DE LLOC', 119),
('130702', 'GUADALUPE', 119),
('130703', 'JEQUETEPEQUE', 119),
('130704', 'PACASMAYO', 119),
('130705', 'SAN JOSÉ', 119),
('130801', 'TAYABAMBA', 120),
('130802', 'BULDIBUYO', 120),
('130803', 'CHILIA', 120),
('130804', 'HUANCASPATA', 120),
('130805', 'HUAYLILLAS', 120),
('130806', 'HUAYO', 120),
('130807', 'ONGÓN', 120),
('130808', 'PARCOY', 120),
('130809', 'PATAZ', 120),
('130810', 'PÍAS', 120),
('130811', 'SANTIAGO DE CHALLAS', 120),
('130812', 'TAURIJA', 120),
('130813', 'URPAY', 120),
('130901', 'HUAMACHUCO', 121),
('130902', 'CHUGAY', 121),
('130903', 'COCHORCO', 121),
('130904', 'CURGOS', 121),
('130905', 'MARCABAL', 121),
('130906', 'SANAGORÁN', 121),
('130907', 'SARÍN', 121),
('130908', 'SARTIMBAMBA', 121),
('131001', 'SANTIAGO DE CHUCO', 122),
('131002', 'ANGASMARCA', 122),
('131003', 'CACHICADÁN', 122),
('131004', 'MOLLEBAMBA', 122),
('131005', 'MOLLEPATA', 122),
('131006', 'QUIRUVILCA', 122),
('131007', 'SANTA CRUZ DE CHUCA', 122),
('131008', 'SITABAMBA', 122),
('131101', 'CASCAS', 123),
('131102', 'LUCMA', 123),
('131103', 'MARMOT', 123),
('131104', 'SAYAPULLO', 123),
('131201', 'VIRÚ', 124),
('131202', 'CHAO', 124),
('131203', 'GUADALUPITO', 124),
('140101', 'CHICLAYO', 125),
('140102', 'CHONGOYAPE', 125),
('140103', 'ETEN', 125),
('140104', 'PUERTO ETEN', 125),
('140105', 'JOSÉ LEONARDO ORTIZ', 125),
('140106', 'LA VICTORIA', 125),
('140107', 'LAGUNAS', 125),
('140108', 'MONSEFÚ', 125),
('140109', 'NUEVA ARICA', 125),
('140110', 'OYOTÚN', 125),
('140111', 'PICSI', 125),
('140112', 'PIMENTEL', 125),
('140113', 'REQUE', 125),
('140114', 'SANTA ROSA', 125),
('140115', 'SAÑA', 125),
('140116', 'CAYALTÍ', 125),
('140117', 'PÁTAPO', 125),
('140118', 'POMALCA', 125),
('140119', 'PUCALÁ', 125),
('140120', 'TUMÁN', 125),
('140201', 'FERREÑAFE', 126),
('140202', 'CAÑARIS', 126),
('140203', 'INCAHUASI', 126),
('140204', 'MANUEL ANTONIO MESONES MURO', 126),
('140205', 'PÍTIPO', 126),
('140206', 'PUEBLO NUEVO', 126),
('140301', 'LAMBAYEQUE', 127),
('140302', 'CHÓCHOPE', 127),
('140303', 'ÍLLIMO', 127),
('140304', 'JAYANCA', 127),
('140305', 'MOCHUMÍ', 127),
('140306', 'MÓRROPE', 127),
('140307', 'MOTUPE', 127),
('140308', 'OLMOS', 127),
('140309', 'PACORA', 127),
('140310', 'SALAS', 127),
('140311', 'SAN JOSÉ', 127),
('140312', 'TÚCUME', 127),
('150101', 'LIMA', 128),
('150102', 'ANCÓN', 128),
('150103', 'ATE', 128),
('150104', 'BARRANCO', 128),
('150105', 'BREÑA', 128),
('150106', 'CARABAYLLO', 128),
('150107', 'CHACLACAYO', 128),
('150108', 'CHORRILLOS', 128),
('150109', 'CIENEGUILLA', 128),
('150110', 'COMAS', 128),
('150111', 'EL AGUSTINO', 128),
('150112', 'INDEPENDENCIA', 128),
('150113', 'JESÚS MARÍA', 128),
('150114', 'LA MOLINA', 128),
('150115', 'LA VICTORIA', 128),
('150116', 'LINCE', 128),
('150117', 'LOS OLIVOS', 128),
('150118', 'LURIGANCHO', 128),
('150119', 'LURÍN', 128),
('150120', 'MAGDALENA DEL MAR', 128),
('150121', 'PUEBLO LIBRE', 128),
('150122', 'MIRAFLORES', 128),
('150123', 'PACHACÁMAC', 128),
('150124', 'PUCUSANA', 128),
('150125', 'PUENTE PIEDRA', 128),
('150126', 'PUNTA HERMOSA', 128),
('150127', 'PUNTA NEGRA', 128),
('150128', 'RÍMAC', 128),
('150129', 'SAN BARTOLO', 128),
('150130', 'SAN BORJA', 128),
('150131', 'SAN ISIDRO', 128),
('150132', 'SAN JUAN DE LURIGANCHO', 128),
('150133', 'SAN JUAN DE MIRAFLORES', 128),
('150134', 'SAN LUIS', 128),
('150135', 'SAN MARTÍN DE PORRES', 128),
('150136', 'SAN MIGUEL', 128),
('150137', 'SANTA ANITA', 128),
('150138', 'SANTA MARÍA DEL MAR', 128),
('150139', 'SANTA ROSA', 128),
('150140', 'SANTIAGO DE SURCO', 128),
('150141', 'SURQUILLO', 128),
('150142', 'VILLA EL SALVADOR', 128),
('150143', 'VILLA MARÍA DEL TRIUNFO', 128),
('150201', 'BARRANCA', 129),
('150202', 'PARAMONGA', 129),
('150203', 'PATIVILCA', 129),
('150204', 'SUPE', 129),
('150205', 'PUERTO SUPE', 129),
('150301', 'CAJATAMBO', 130),
('150302', 'COPA', 130),
('150303', 'GORGOR', 130),
('150304', 'HUANCAPÓN', 130),
('150305', 'MANÁS', 130),
('150401', 'CANTA', 131),
('150402', 'ARAHUAY', 131),
('150403', 'HUAMANTANGA', 131),
('150404', 'HUAROS', 131),
('150405', 'LACHAQUI', 131),
('150406', 'SAN BUENAVENTURA', 131),
('150407', 'SANTA ROSA DE QUIVES', 131),
('150501', 'SAN VICENTE DE CAÑETE', 132),
('150502', 'ASIA', 132),
('150503', 'CALANGO', 132),
('150504', 'CERRO AZUL', 132),
('150505', 'CHILCA', 132),
('150506', 'COAYLLO', 132),
('150507', 'IMPERIAL', 132),
('150508', 'LUNAHUANÁ', 132),
('150509', 'MALA', 132),
('150510', 'NUEVO IMPERIAL', 132),
('150511', 'PACARÁN', 132),
('150512', 'QUILMANÁ', 132),
('150513', 'SAN ANTONIO', 132),
('150514', 'SAN LUIS', 132),
('150515', 'SANTA CRUZ DE FLORES', 132),
('150516', 'ZÚÑIGA', 132),
('150601', 'HUARAL', 133),
('150602', 'ATAVILLOS ALTO', 133),
('150603', 'ATAVILLOS BAJO', 133),
('150604', 'AUCALLAMA', 133),
('150605', 'CHANCAY', 133),
('150606', 'IHUARÍ', 133),
('150607', 'LAMPIÁN', 133),
('150608', 'PACARAOS', 133),
('150609', 'SAN MIGUEL DE ACOS', 133),
('150610', 'SANTA CRUZ DE ANDAMARCA', 133),
('150611', 'SUMBILCA', 133),
('150612', 'VEINTISIETE DE NOVIEMBRE', 133),
('150701', 'MATUCANA', 134),
('150702', 'ANTIOQUÍA', 134),
('150703', 'CALLAHUANCA', 134),
('150704', 'CARAMPOMA', 134),
('150705', 'CHICLA', 134),
('150706', 'CUENCA', 134),
('150707', 'HUACHUPAMPA', 134),
('150708', 'HUANZA', 134),
('150709', 'HUAROCHIRÍ', 134),
('150710', 'LAHUAYTAMBO', 134),
('150711', 'LANGA', 134),
('150712', 'LARAOS', 134),
('150713', 'MARIATANA', 134),
('150714', 'RICARDO PALMA', 134),
('150715', 'SAN ANDRÉS DE TUPICOCHA', 134),
('150716', 'SAN ANTONIO DE CHACLLA', 134),
('150717', 'SAN BARTOLOMÉ', 134),
('150718', 'SAN DAMIÁN', 134),
('150719', 'SAN JUAN DE IRIS', 134),
('150720', 'SAN JUAN DE TANTARANCHE', 134),
('150721', 'SAN LORENZO DE QUINTI', 134),
('150722', 'SAN MATEO', 134),
('150723', 'SAN MATEO DE OTAO', 134),
('150724', 'SAN PEDRO DE CASTA', 134),
('150725', 'SAN PEDRO DE HUANCAYRE', 134),
('150726', 'SANGALLAYA', 134),
('150727', 'SANTA CRUZ DE COCACHACRA', 134),
('150728', 'SANTA EULALIA', 134),
('150729', 'SANTIAGO DE ANCHUCAYA', 134),
('150730', 'SANTIAGO DE TUNA', 134),
('150731', 'SANTO DOMINGO DE LOS OLLEROS', 134),
('150732', 'SURCO', 134),
('150801', 'HUACHO', 135),
('150802', 'ÁMBAR', 135),
('150803', 'CALETA DE CARQUÍN', 135),
('150804', 'CHECRAS', 135),
('150805', 'HUALMAY', 135),
('150806', 'HUAURA', 135),
('150807', 'LEONCIO PRADO', 135),
('150808', 'PACCHO', 135),
('150809', 'SANTA LEONOR', 135),
('150810', 'SANTA MARÍA', 135),
('150811', 'SAYÁN', 135),
('150812', 'VÉGUETA', 135),
('150901', 'OYÓN', 136),
('150902', 'ANDAJES', 136),
('150903', 'CAUJUL', 136),
('150904', 'COCHAMARCA', 136),
('150905', 'NAVÁN', 136),
('150906', 'PACHANGARA', 136),
('151001', 'YAUYOS', 137),
('151002', 'ALIS', 137),
('151003', 'AYAUCA', 137),
('151004', 'AYAVIRI', 137),
('151005', 'AZÁNGARO', 137),
('151006', 'CACRA', 137),
('151007', 'CARANIA', 137),
('151008', 'CATAHUASI', 137),
('151009', 'CHOCOS', 137),
('151010', 'COCHAS', 137),
('151011', 'COLONIA', 137),
('151012', 'HONGOS', 137),
('151013', 'HUAMPARÁ', 137),
('151014', 'HUANCAYA', 137),
('151015', 'HUANGÁSCAR', 137),
('151016', 'HUANTÁN', 137),
('151017', 'HUAÑEC', 137),
('151018', 'LARAOS', 137),
('151019', 'LINCHA', 137),
('151020', 'MADEÁN', 137),
('151021', 'MIRAFLORES', 137),
('151022', 'OMAS', 137),
('151023', 'PUTINZA', 137),
('151024', 'QUINCHES', 137),
('151025', 'QUINOCAY', 137),
('151026', 'SAN JOAQUÍN', 137),
('151027', 'SAN PEDRO DE PILAS', 137),
('151028', 'TANTA', 137),
('151029', 'TAURIPAMPA', 137),
('151030', 'TOMAS', 137),
('151031', 'TUPE', 137),
('151032', 'VIÑAC', 137),
('151033', 'VITIS', 137),
('160101', 'IQUITOS', 138),
('160102', 'ALTO NANAY', 138),
('160103', 'FERNANDO LORES', 138),
('160104', 'INDIANA', 138),
('160105', 'LAS AMAZONAS', 138),
('160106', 'MAZÁN', 138),
('160107', 'NAPO', 138),
('160108', 'PUNCHANA', 138),
('160110', 'TORRES CAUSANA', 138),
('160112', 'BELÉN', 138),
('160113', 'SAN JUAN BAUTISTA', 138),
('160201', 'YURIMAGUAS', 139),
('160202', 'BALSAPUERTO', 139),
('160205', 'JÉBEROS', 139),
('160206', 'LAGUNAS', 139),
('160210', 'SANTA CRUZ', 139),
('160211', 'TENIENTE CÉSAR LÓPEZ ROJAS', 139),
('160301', 'NAUTA', 140),
('160302', 'PARINARI', 140),
('160303', 'TIGRE', 140),
('160304', 'TROMPETEROS', 140),
('160305', 'URARINAS', 140),
('160401', 'RAMÓN CASTILLA', 141),
('160402', 'PEBAS', 141),
('160403', 'YAVARÍ', 141),
('160404', 'SAN PABLO', 141),
('160501', 'REQUENA', 142),
('160502', 'ALTO TAPICHE', 142),
('160503', 'CAPELO', 142),
('160504', 'EMILIO SAN MARTÍN', 142),
('160505', 'MAQUÍA', 142),
('160506', 'PUINAHUA', 142),
('160507', 'SAQUENA', 142),
('160508', 'SOPLÍN', 142),
('160509', 'TAPICHE', 142),
('160510', 'JENARO HERRERA', 142),
('160511', 'YAQUERANA', 142),
('160601', 'CONTAMANA', 143),
('160602', 'INAHUAYA', 143),
('160603', 'PADRE MÁRQUEZ', 143),
('160604', 'PAMPA HERMOSA', 143),
('160605', 'SARAYACU', 143),
('160606', 'VARGAS GUERRA', 143),
('160701', 'BARRANCA', 144),
('160702', 'CAHUAPANAS', 144),
('160703', 'MANSERICHE', 144),
('160704', 'MORONA', 144),
('160705', 'PASTAZA', 144),
('160706', 'ANDOAS', 144),
('160801', 'PUTUMAYO', 145),
('160802', 'ROSA PANDURO', 145),
('160803', 'TENIENTE MANUEL CLAVERO', 145),
('160804', 'YAGUAS', 145),
('170101', 'TAMBOPATA', 146),
('170102', 'INAMBARI', 146),
('170103', 'LAS PIEDRAS', 146),
('170104', 'LABERINTO', 146),
('170201', 'MANU', 147),
('170202', 'FITZCARRALD', 147),
('170203', 'MADRE DE DIOS', 147),
('170204', 'HUEPETUHE', 147),
('170301', 'IÑAPARI', 148),
('170302', 'IBERIA', 148),
('170303', 'TAHUAMANU', 148),
('180101', 'MOQUEGUA', 149),
('180102', 'CARUMAS', 149),
('180103', 'CUCHUMBAYA', 149),
('180104', 'SAMEGUA', 149),
('180105', 'SAN CRISTÓBAL DE CALACOA', 149),
('180106', 'TORATA', 149),
('180201', 'OMATE', 150),
('180202', 'CHOJATA', 150),
('180203', 'COALAQUE', 150),
('180204', 'ICHUÑA', 150),
('180205', 'LA CAPILLA', 150),
('180206', 'LLOQUE', 150),
('180207', 'MATALAQUE', 150),
('180208', 'PUQUINA', 150),
('180209', 'QUINISTAQUILLAS', 150),
('180210', 'UBINAS', 150),
('180211', 'YUNGA', 150),
('180301', 'ILO', 151),
('180302', 'EL ALGARROBAL', 151),
('180303', 'PACOCHA', 151),
('190101', 'CHAUPIMARCA', 152),
('190102', 'HUACHÓN', 152),
('190103', 'HUARIACA', 152),
('190104', 'HUAYLLAY', 152),
('190105', 'NINACACA', 152),
('190106', 'PALLANCHACRA', 152),
('190107', 'PAUCARTAMBO', 152),
('190108', 'SAN FRANCISCO DE ASÍS DE YARUSYACÁN', 152),
('190109', 'SIMÓN BOLÍVAR', 152),
('190110', 'TICLACAYÁN', 152),
('190111', 'TINYAHUARCO', 152),
('190112', 'VICCO', 152),
('190113', 'YANACANCHA', 152),
('190201', 'YANAHUANCA', 153),
('190202', 'CHACAYÁN', 153),
('190203', 'GOYLLARISQUIZGA', 153),
('190204', 'PÁUCAR', 153),
('190205', 'SAN PEDRO DE PILLAO', 153),
('190206', 'SANTA ANA DE TUSI', 153),
('190207', 'TÁPUC', 153),
('190208', 'VILCABAMBA', 153),
('190301', 'OXAPAMPA', 154),
('190302', 'CHONTABAMBA', 154),
('190303', 'HUANCABAMBA', 154),
('190304', 'PALCAZÚ', 154),
('190305', 'POZUZO', 154),
('190306', 'PUERTO BERMÚDEZ', 154),
('190307', 'VILLA RICA', 154),
('190308', 'CONSTITUCIÓN', 154),
('200101', 'PIURA', 155),
('200104', 'CASTILLA', 155),
('200105', 'CATACAOS', 155),
('200107', 'CURA MORI', 155),
('200108', 'EL TALLÁN', 155),
('200109', 'LA ARENA', 155),
('200110', 'LA UNIÓN', 155),
('200111', 'LAS LOMAS', 155),
('200114', 'TAMBOGRANDE', 155),
('200115', 'VEINTISÉIS DE OCTUBRE', 155),
('200201', 'AYABACA', 156),
('200202', 'FRÍAS', 156),
('200203', 'JILILÍ', 156),
('200204', 'LAGUNAS', 156),
('200205', 'MONTERO', 156),
('200206', 'PACAIPAMPA', 156),
('200207', 'PAIMAS', 156),
('200208', 'SAPILLICA', 156),
('200209', 'SÍCCHEZ', 156),
('200210', 'SUYO', 156),
('200301', 'HUANCABAMBA', 157),
('200302', 'CANCHAQUE', 157),
('200303', 'EL CARMEN DE LA FRONTERA', 157),
('200304', 'HUARMACA', 157),
('200305', 'LALAQUIZ', 157),
('200306', 'SAN MIGUEL DE EL FAIQUE', 157),
('200307', 'SÓNDOR', 157),
('200308', 'SONDORILLO', 157),
('200401', 'CHULUCANAS', 158),
('200402', 'BUENOS AIRES', 158),
('200403', 'CHALACO', 158),
('200404', 'LA MATANZA', 158),
('200405', 'MORROPÓN', 158),
('200406', 'SALITRAL', 158),
('200407', 'SAN JUAN DE BIGOTE', 158),
('200408', 'SANTA CATALINA DE MOSSA', 158),
('200409', 'SANTO DOMINGO', 158),
('200410', 'YAMANGO', 158),
('200501', 'PAITA', 159),
('200502', 'AMOTAPE', 159),
('200503', 'EL ARENAL', 159),
('200504', 'COLÁN', 159),
('200505', 'LA HUACA', 159),
('200506', 'TAMARINDO', 159),
('200507', 'VICHAYAL', 159),
('200601', 'SULLANA', 160),
('200602', 'BELLAVISTA', 160),
('200603', 'IGNACIO ESCUDERO', 160),
('200604', 'LANCONES', 160),
('200605', 'MARCAVELICA', 160),
('200606', 'MIGUEL CHECA', 160),
('200607', 'QUERECOTILLO', 160),
('200608', 'SALITRAL', 160),
('200701', 'PARIÑAS', 161),
('200702', 'EL ALTO', 161),
('200703', 'LA BREA', 161),
('200704', 'LOBITOS', 161),
('200705', 'LOS ÓRGANOS', 161),
('200706', 'MÁNCORA', 161),
('200801', 'SECHURA', 162),
('200802', 'BELLAVISTA DE LA UNIÓN', 162),
('200803', 'BERNAL', 162),
('200804', 'CRISTO NOS VALGA', 162),
('200805', 'VICE', 162),
('200806', 'RINCONADA-LLICUAR', 162),
('20101', 'HUARAZ', 8),
('20102', 'COCHABAMBA', 8),
('20103', 'COLCABAMBA', 8),
('20104', 'HUANCHAY', 8),
('20105', 'INDEPENDENCIA', 8),
('20106', 'JANGAS', 8),
('20107', 'LA LIBERTAD', 8),
('20108', 'OLLEROS', 8),
('20109', 'PAMPAS GRANDE', 8),
('20110', 'PARIACOTO', 8),
('20111', 'PIRA', 8),
('20112', 'TARICA', 8),
('20201', 'AIJA', 9),
('20202', 'CORIS', 9),
('20203', 'HUACLLÁN', 9),
('20204', 'LA MERCED', 9),
('20205', 'SUCCHA', 9),
('20301', 'LLAMELLÍN', 10),
('20302', 'ACZO', 10),
('20303', 'CHACCHO', 10),
('20304', 'CHINGAS', 10),
('20305', 'MIRGAS', 10),
('20306', 'SAN JUAN DE RONTOY', 10),
('20401', 'CHACAS', 11),
('20402', 'ACOCHACA', 11),
('20501', 'CHIQUIÁN', 12),
('20502', 'ABELARDO PARDO', 12),
('20503', 'ANTONIO RAIMONDI', 12),
('20504', 'AQUIA', 12),
('20505', 'CAJACAY', 12),
('20506', 'CANIS', 12),
('20507', 'CÓLQUIOC', 12),
('20508', 'HUALLANCA', 12),
('20509', 'HUASTA', 12),
('20510', 'HUAYLLACAYÁN', 12),
('20511', 'LA PRIMAVERA', 12),
('20512', 'MANGAS', 12),
('20513', 'PACLLÓN', 12),
('20514', 'SAN MIGUEL DE CORPANQUI', 12),
('20515', 'TICLLOS', 12),
('20601', 'CARHUAZ', 13),
('20602', 'ACOPAMPA', 13),
('20603', 'AMASHCA', 13),
('20604', 'ANTA', 13),
('20605', 'ATAQUERO', 13),
('20606', 'MARCARÁ', 13),
('20607', 'PARIAHUANCA', 13),
('20608', 'SAN MIGUEL DE ACO', 13),
('20609', 'SHILLA', 13),
('20610', 'TINCO', 13),
('20611', 'YUNGAR', 13),
('20701', 'SAN LUIS', 14),
('20702', 'SAN NICOLÁS', 14),
('20703', 'YAUYA', 14),
('20801', 'CASMA', 15),
('20802', 'BUENAVISTA ALTA', 15),
('20803', 'COMANDANTE NOEL', 15),
('20804', 'YAUTÁN', 15),
('20901', 'CORONGO', 16),
('20902', 'ACO', 16),
('20903', 'BAMBAS', 16),
('20904', 'CUSCA', 16),
('20905', 'LA PAMPA', 16),
('20906', 'YÁNAC', 16),
('20907', 'YUPÁN', 16),
('21001', 'HUARI', 17),
('21002', 'ANRA', 17),
('21003', 'CAJAY', 17),
('21004', 'CHAVÍN DE HUÁNTAR', 17),
('21005', 'HUACACHI', 17),
('21006', 'HUACCHIS', 17),
('21007', 'HUACHIS', 17),
('21008', 'HUÁNTAR', 17),
('21009', 'MASIN', 17),
('21010', 'PAUCAS', 17),
('210101', 'PUNO', 163),
('210102', 'ÁCORA', 163),
('210103', 'AMANTANÍ', 163),
('210104', 'ATUNCOLLA', 163),
('210105', 'CAPACHICA', 163),
('210106', 'CHUCUITO', 163),
('210107', 'COATA', 163),
('210108', 'HUATA', 163),
('210109', 'MAÑAZO', 163),
('21011', 'PONTÓ', 17),
('210110', 'PAUCARCOLLA', 163),
('210111', 'PICHACANI', 163),
('210112', 'PLATERÍA', 163),
('210113', 'SAN ANTONIO', 163),
('210114', 'TIQUILLACA', 163),
('210115', 'VILQUE', 163),
('21012', 'RAHUAPAMPA', 17),
('21013', 'RAPAYÁN', 17),
('21014', 'SAN MARCOS', 17),
('21015', 'SAN PEDRO DE CHANÁ', 17),
('21016', 'UCO', 17),
('210201', 'AZÁNGARO', 164),
('210202', 'ACHAYA', 164),
('210203', 'ARAPA', 164),
('210204', 'ASILLO', 164),
('210205', 'CAMINACA', 164),
('210206', 'CHUPA', 164),
('210207', 'JOSÉ DOMINGO CHOQUEHUANCA', 164),
('210208', 'MUÑANI', 164),
('210209', 'POTONI', 164),
('210210', 'SAMÁN', 164),
('210211', 'SAN ANTÓN', 164),
('210212', 'SAN JOSÉ', 164),
('210213', 'SAN JUAN DE SALINAS', 164),
('210214', 'SANTIAGO DE PUPUJA', 164),
('210215', 'TIRAPATA', 164),
('210301', 'MACUSANI', 165),
('210302', 'AJOYANI', 165),
('210303', 'AYAPATA', 165),
('210304', 'COASA', 165),
('210305', 'CORANI', 165),
('210306', 'CRUCERO', 165),
('210307', 'ITUATA', 165),
('210308', 'OLLACHEA', 165),
('210309', 'SAN GABÁN', 165),
('210310', 'USICAYOS', 165),
('210401', 'JULI', 166),
('210402', 'DESAGUADERO', 166),
('210403', 'HUACULLANI', 166),
('210404', 'KELLUYO', 166),
('210405', 'PISACOMA', 166),
('210406', 'POMATA', 166),
('210407', 'ZEPITA', 166),
('210501', 'ILAVE', 167),
('210502', 'CAPASO', 167),
('210503', 'PILCUYO', 167),
('210504', 'SANTA ROSA', 167),
('210505', 'CONDURIRI', 167),
('210601', 'HUANCANÉ', 168),
('210602', 'COJATA', 168),
('210603', 'HUATASANI', 168),
('210604', 'INCHUPALLA', 168),
('210605', 'PUSI', 168),
('210606', 'ROSASPATA', 168),
('210607', 'TARACO', 168),
('210608', 'VILQUE CHICO', 168),
('210701', 'LAMPA', 169),
('210702', 'CABANILLA', 169),
('210703', 'CALAPUJA', 169),
('210704', 'NICASIO', 169),
('210705', 'OCUVIRI', 169),
('210706', 'PALCA', 169),
('210707', 'PARATÍA', 169),
('210708', 'PUCARÁ', 169),
('210709', 'SANTA LUCÍA', 169),
('210710', 'VILAVILA', 169),
('210801', 'AYAVIRI', 170),
('210802', 'ANTAUTA', 170),
('210803', 'CUPI', 170),
('210804', 'LLALLI', 170),
('210805', 'MACARI', 170),
('210806', 'NUÑOA', 170),
('210807', 'ORURILLO', 170),
('210808', 'SANTA ROSA', 170),
('210809', 'UMACHIRI', 170),
('210901', 'MOHO', 171),
('210902', 'CONIMA', 171),
('210903', 'HUAYRAPATA', 171),
('210904', 'TILALI', 171),
('211001', 'PUTINA', 172),
('211002', 'ANANEA', 172),
('211003', 'PEDRO VILCA APAZA', 172),
('211004', 'QUILCAPUNCU', 172),
('211005', 'SINA', 172),
('21101', 'HUARMEY', 18),
('21102', 'COCHAPETI', 18),
('21103', 'CULEBRAS', 18),
('21104', 'HUAYÁN', 18),
('21105', 'MALVAS', 18),
('211101', 'JULIACA', 173),
('211102', 'CABANA', 173),
('211103', 'CABANILLAS', 173),
('211104', 'CARACOTO', 173),
('211105', 'SAN MIGUEL', 173),
('211201', 'SANDIA', 174),
('211202', 'CUYOCUYO', 174),
('211203', 'LIMBANI', 174),
('211204', 'PATAMBUCO', 174),
('211205', 'PHARA', 174),
('211206', 'QUIACA', 174),
('211207', 'SAN JUAN DEL ORO', 174),
('211208', 'YANAHUAYA', 174),
('211209', 'ALTO INAMBARI', 174),
('211210', 'SAN PEDRO DE PUTINA PUNCO', 174),
('211301', 'YUNGUYO', 175),
('211302', 'ANAPIA', 175),
('211303', 'COPANI', 175),
('211304', 'CUTURAPI', 175),
('211305', 'OLLARAYA', 175),
('211306', 'TINICACHI', 175),
('211307', 'UNICACHI', 175),
('21201', 'CARAZ', 19),
('21202', 'HUALLANCA', 19),
('21203', 'HUATA', 19),
('21204', 'HUAYLAS', 19),
('21205', 'MATO', 19),
('21206', 'PAMPAROMÁS', 19),
('21207', 'PUEBLO LIBRE', 19),
('21208', 'SANTA CRUZ', 19),
('21209', 'SANTO TORIBIO', 19),
('21210', 'YURACMARCA', 19),
('21301', 'PISCOBAMBA', 20),
('21302', 'CASCA', 20),
('21303', 'ELEAZAR GUZMÁN BARRÓN', 20),
('21304', 'FIDEL OIIVAS ESCUDERO', 20),
('21305', 'LLAMA', 20),
('21306', 'LLUMPA', 20),
('21307', 'LUCMA', 20),
('21308', 'MUSGA', 20),
('21401', 'OCROS', 21),
('21402', 'ACAS', 21),
('21403', 'CAJAMARQUILLA', 21),
('21404', 'CARHUAPAMPA', 21),
('21405', 'COCHAS', 21),
('21406', 'CONGAS', 21),
('21407', 'LLIPA', 21),
('21408', 'SAN CRISTÓBAL DE RAJÁN', 21),
('21409', 'SAN PEDRO', 21),
('21410', 'SANTIAGO DE CHILCAS', 21),
('21501', 'CABANA', 22),
('21502', 'BOLOGNESI', 22),
('21503', 'CONCHUCOS', 22),
('21504', 'HUACASCHUQUE', 22),
('21505', 'HUANDOVAL', 22),
('21506', 'LACABAMBA', 22),
('21507', 'LLAPO', 22),
('21508', 'PALLASCA', 22),
('21509', 'PAMPAS', 22),
('21510', 'SANTA ROSA', 22),
('21511', 'TAUCA', 22),
('21601', 'POMABAMBA', 23),
('21602', 'HUAYLLÁN', 23),
('21603', 'PAROBAMBA', 23),
('21604', 'QUINUABAMBA', 23),
('21701', 'RECUAY', 24),
('21702', 'CÁTAC', 24),
('21703', 'COTAPARACO', 24),
('21704', 'HUAYLLAPAMPA', 24),
('21705', 'LLACLLÍN', 24),
('21706', 'MARCA', 24),
('21707', 'PAMPAS CHICO', 24),
('21708', 'PARARÍN', 24),
('21709', 'TAPACOCHA', 24),
('21710', 'TICAPAMPA', 24),
('21801', 'CHIMBOTE', 25),
('21802', 'CÁCERES DEL PERÚ', 25),
('21803', 'COISHCO', 25),
('21804', 'MACATE', 25),
('21805', 'MORO', 25),
('21806', 'NEPEÑA', 25),
('21807', 'SAMANCO', 25),
('21808', 'SANTA', 25),
('21809', 'NUEVO CHIMBOTE', 25),
('21901', 'SIHUAS', 26),
('21902', 'ACOBAMBA', 26),
('21903', 'ALFONSO UGARTE', 26),
('21904', 'CASHAPAMPA', 26),
('21905', 'CHINGALPO', 26),
('21906', 'HUAYLLABAMBA', 26),
('21907', 'QUICHES', 26),
('21908', 'RAGASH', 26),
('21909', 'SAN JUAN', 26),
('21910', 'SICSIBAMBA', 26),
('22001', 'YUNGAY', 27),
('22002', 'CASCAPARA', 27),
('22003', 'MANCOS', 27),
('22004', 'MATACOTO', 27),
('22005', 'QUILLO', 27),
('22006', 'RANRAHIRCA', 27),
('22007', 'SHUPLUY', 27),
('22008', 'YANAMA', 27),
('220101', 'MOYOBAMBA', 176),
('220102', 'CALZADA', 176),
('220103', 'HABANA', 176),
('220104', 'JEPELACIO', 176),
('220105', 'SORITOR', 176),
('220106', 'YANTALÓ', 176),
('220201', 'BELLAVISTA', 177),
('220202', 'ALTO BIAVO', 177),
('220203', 'BAJO BIAVO', 177),
('220204', 'HUALLAGA', 177),
('220205', 'SAN PABLO', 177),
('220206', 'SAN RAFAEL', 177),
('220301', 'SAN JOSÉ DE SISA', 178),
('220302', 'AGUA BLANCA', 178),
('220303', 'SAN MARTÍN', 178),
('220304', 'SANTA ROSA', 178),
('220305', 'SHATOJA', 178),
('220401', 'SAPOSOA', 179),
('220402', 'ALTO SAPOSOA', 179),
('220403', 'EL ESLABÓN', 179),
('220404', 'PISCOYACU', 179),
('220405', 'SACANCHE', 179),
('220406', 'TINGO DE SAPOSOA', 179),
('220501', 'LAMAS', 180),
('220502', 'ALONSO DE ALVARADO', 180),
('220503', 'BARRANQUITA', 180),
('220504', 'CAYNARACHI', 180),
('220505', 'CUÑUMBUQUI', 180),
('220506', 'PINTO RECODO', 180),
('220507', 'RUMISAPA', 180),
('220508', 'SAN ROQUE DE CUMBAZA', 180),
('220509', 'SHANAO', 180),
('220510', 'TABALOSOS', 180),
('220511', 'ZAPATERO', 180),
('220601', 'JUANJUÍ', 181),
('220602', 'CAMPANILLA', 181),
('220603', 'HUICUNGO', 181),
('220604', 'PACHIZA', 181),
('220605', 'PAJARILLO', 181),
('220701', 'PICOTA', 182),
('220702', 'BUENOS AIRES', 182),
('220703', 'CASPISAPA', 182),
('220704', 'PILLUANA', 182),
('220705', 'PUCACACA', 182),
('220706', 'SAN CRISTÓBAL', 182),
('220707', 'SAN HILARIÓN', 182),
('220708', 'SHAMBOYACU', 182),
('220709', 'TINGO DE PONASA', 182),
('220710', 'TRES UNIDOS', 182),
('220801', 'RIOJA', 183),
('220802', 'AWAJÚN', 183),
('220803', 'ELÍAS SOPLÍN VARGAS', 183),
('220804', 'NUEVA CAJAMARCA', 183),
('220805', 'PARDO MIGUEL', 183),
('220806', 'PÓSIC', 183),
('220807', 'SAN FERNANDO', 183),
('220808', 'YORONGOS', 183),
('220809', 'YURACYACU', 183),
('220901', 'TARAPOTO', 184),
('220902', 'ALBERTO LEVEAU', 184),
('220903', 'CACATACHI', 184),
('220904', 'CHAZUTA', 184),
('220905', 'CHIPURANA', 184),
('220906', 'EL PORVENIR', 184),
('220907', 'HUIMBAYOC', 184),
('220908', 'JUAN GUERRA', 184),
('220909', 'LA BANDA DE SHILCAYO', 184),
('220910', 'MORALES', 184),
('220911', 'PAPAPLAYA', 184),
('220912', 'SAN ANTONIO', 184),
('220913', 'SAUCE', 184),
('220914', 'SHAPAJA', 184),
('221001', 'TOCACHE', 185),
('221002', 'NUEVO PROGRESO', 185),
('221003', 'PÓLVORA', 185),
('221004', 'SHUNTÉ', 185),
('221005', 'UCHIZA', 185),
('230101', 'TACNA', 186),
('230102', 'ALTO DE LA ALIANZA', 186),
('230103', 'CALANA', 186),
('230104', 'CIUDAD NUEVA', 186),
('230105', 'INCLÁN', 186),
('230106', 'PACHÍA', 186),
('230107', 'PALCA', 186),
('230108', 'POCOLLAY', 186),
('230109', 'SAMA', 186),
('230110', 'CORONEL GREGORIO ALBARRACÍN LANCHIPA', 186),
('230111', 'LA YARADA-LOS PALOS', 186),
('230201', 'CANDARAVE', 187),
('230202', 'CAIRANI', 187),
('230203', 'CAMILACA', 187),
('230204', 'CURIBAYA', 187),
('230205', 'HUANUARA', 187),
('230206', 'QUILAHUANI', 187),
('230301', 'LOCUMBA', 188),
('230302', 'ILABAYA', 188),
('230303', 'ITE', 188),
('230401', 'TARATA', 189),
('230402', 'HÉROES ALBARRACÍN', 189),
('230403', 'ESTIQUE', 189),
('230404', 'ESTIQUE PAMPA', 189),
('230405', 'SITAJARA', 189),
('230406', 'SUSAPAYA', 189),
('230407', 'TARUCACHI', 189),
('230408', 'TICACO', 189),
('240101', 'TUMBES', 190),
('240102', 'CORRALES', 190),
('240103', 'LA CRUZ', 190),
('240104', 'PAMPAS DE HOSPITAL', 190),
('240105', 'SAN JACINTO', 190),
('240106', 'SAN JUAN DE LA VIRGEN', 190),
('240201', 'ZORRITOS', 191),
('240202', 'CASITAS', 191),
('240203', 'CANOAS DE PUNTA SAL', 191),
('240301', 'ZARUMILLA', 192),
('240302', 'AGUAS VERDES', 192),
('240303', 'MATAPALO', 192),
('240304', 'PAPAYAL', 192),
('250101', 'CALLERÍA', 193),
('250102', 'CAMPOVERDE', 193),
('250103', 'IPARÍA', 193),
('250104', 'MASISEA', 193),
('250105', 'YARINACOCHA', 193),
('250106', 'NUEVA REQUENA', 193),
('250107', 'MANANTAY', 193),
('250201', 'RAIMONDI', 194),
('250202', 'SEPAHUA', 194),
('250203', 'TAHUANÍA', 194),
('250204', 'YURÚA', 194),
('250301', 'PADRE ABAD', 195),
('250302', 'IRÁZOLA', 195),
('250303', 'CURIMANÁ', 195),
('250304', 'NESHUYA', 195),
('250305', 'ALEXANDER VON HUMBOLDT', 195),
('250401', 'PURÚS', 196),
('30101', 'ABANCAY', 28),
('30102', 'CHACOCHE', 28),
('30103', 'CIRCA', 28),
('30104', 'CURAHUASI', 28),
('30105', 'HUANIPACA', 28),
('30106', 'LAMBRAMA', 28),
('30107', 'PICHIRHUA', 28),
('30108', 'SAN PEDRO DE CACHORA', 28),
('30109', 'TAMBURCO', 28),
('30201', 'ANDAHUAYLAS', 29),
('30202', 'ANDARAPA', 29),
('30203', 'CHIARA', 29),
('30204', 'HUANCARAMA', 29),
('30205', 'HUANCARAY', 29),
('30206', 'HUAYANA', 29),
('30207', 'KISHUARA', 29),
('30208', 'PACOBAMBA', 29),
('30209', 'PACUCHA', 29),
('30210', 'PAMPACHIRI', 29),
('30211', 'POMACOCHA', 29),
('30212', 'SAN ANTONIO DE CACHI', 29),
('30213', 'SAN JERÓNIMO', 29),
('30214', 'SAN MIGUEL DE CHACCRAPAMPA', 29),
('30215', 'SANTA MARÍA DE CHICMO', 29),
('30216', 'TALAVERA DE LA REYNA', 29),
('30217', 'TUMAY HUARACA', 29),
('30218', 'TURPO', 29),
('30219', 'KAQUIABAMBA', 29),
('30220', 'JOSÉ MARÍA ARGUEDAS', 29),
('30301', 'ANTABAMBA', 30),
('30302', 'EL ORO', 30),
('30303', 'HUAQUIRCA', 30),
('30304', 'JUAN ESPINOZA MEDRANO', 30),
('30305', 'OROPESA', 30),
('30306', 'PACHACONAS', 30),
('30307', 'SABAINO', 30),
('30401', 'CHALHUANCA', 31),
('30402', 'CAPAYA', 31),
('30403', 'CARAYBAMBA', 31),
('30404', 'CHAPIMARCA', 31),
('30405', 'COLCABAMBA', 31),
('30406', 'COTARUSE', 31),
('30407', 'IHUAYLLO', 31),
('30408', 'JUSTO APU SAHUARAURA', 31),
('30409', 'LUCRE', 31),
('30410', 'POCOHUANCA', 31),
('30411', 'SAN JUAN DE CHACÑA', 31),
('30412', 'SAÑAYCA', 31),
('30413', 'SORAYA', 31),
('30414', 'TAPAIRIHUA', 31),
('30415', 'TINTAY', 31),
('30416', 'TORAYA', 31),
('30417', 'YANACA', 31),
('30501', 'TAMBOBAMBA', 32),
('30502', 'COTABAMBAS', 32),
('30503', 'COYLLURQUI', 32),
('30504', 'HAQUIRA', 32),
('30505', 'MARA', 32),
('30506', 'CHALHUAHUACHO', 32),
('30601', 'CHINCHEROS', 33),
('30602', 'ANCCOHUAYLLO', 33),
('30603', 'COCHARCAS', 33),
('30604', 'HUACCANA', 33),
('30605', 'OCOBAMBA', 33),
('30606', 'ONGOY', 33),
('30607', 'URANMARCA', 33),
('30608', 'RANRACANCHA', 33),
('30609', 'ROCCHAC', 33),
('30610', 'EL PORVENIR', 33),
('30611', 'LOS CHANKAS', 33),
('30701', 'CHUQUIBAMBILLA', 34),
('30702', 'CURPAHUASI', 34),
('30703', 'MARISCAL GAMARRA', 34),
('30704', 'HUAYLLATI', 34),
('30705', 'MAMARA', 34),
('30706', 'MICAELA BASTIDAS', 34),
('30707', 'PATAYPAMPA', 34),
('30708', 'PROGRESO', 34),
('30709', 'SAN ANTONIO', 34),
('30710', 'SANTA ROSA', 34),
('30711', 'TURPAY', 34),
('30712', 'VILCABAMBA', 34),
('30713', 'VIRUNDO', 34),
('30714', 'CURASCO', 34),
('40101', 'AREQUIPA', 35),
('40102', 'ALTO SELVA ALEGRE', 35),
('40103', 'CAYMA', 35),
('40104', 'CERRO COLORADO', 35),
('40105', 'CHARACATO', 35),
('40106', 'CHIGUATA', 35),
('40107', 'JACOBO HUNTER', 35),
('40108', 'LA JOYA', 35),
('40109', 'MARIANO MELGAR', 35),
('40110', 'MIRAFLORES', 35),
('40111', 'MOLLEBAYA', 35),
('40112', 'PAUCARPATA', 35),
('40113', 'POCSI', 35),
('40114', 'POLOBAYA', 35),
('40115', 'QUEQUEÑA', 35),
('40116', 'SABANDÍA', 35),
('40117', 'SACHACA', 35),
('40118', 'SAN JUAN DE SIGUAS', 35),
('40119', 'SAN JUAN DE TARUCANI', 35),
('40120', 'SANTA ISABEL DE SIGUAS', 35),
('40121', 'SANTA RITA DE SIGUAS', 35),
('40122', 'SOCABAYA', 35),
('40123', 'TIABAYA', 35),
('40124', 'UCHUMAYO', 35),
('40125', 'VITOR', 35),
('40126', 'YANAHUARA', 35),
('40127', 'YARABAMBA', 35),
('40128', 'YURA', 35),
('40129', 'JOSÉ LUIS BUSTAMANTE Y RIVERO', 35),
('40201', 'CAMANÁ', 36),
('40202', 'JOSÉ MARÍA QUIMPER', 36),
('40203', 'MARIANO NICOLÁS VALCARCEL', 36),
('40204', 'MARISCAL CÁCERES', 36),
('40205', 'NICOLÁS DE PIÉROLA', 36),
('40206', 'OCOÑA', 36),
('40207', 'QUILCA', 36),
('40208', 'SAMUEL PASTOR', 36),
('40301', 'CARAVELÍ', 37),
('40302', 'ACARÍ', 37),
('40303', 'ATICO', 37),
('40304', 'ATIQUIPA', 37),
('40305', 'BELLA UNIÓN', 37),
('40306', 'CAHUACHO', 37),
('40307', 'CHALA', 37),
('40308', 'CHAPARRA', 37),
('40309', 'HUANUHUANU', 37),
('40310', 'JAQUÍ', 37),
('40311', 'LOMAS', 37),
('40312', 'QUICACHA', 37),
('40313', 'YAUCA', 37),
('40401', 'APLAO', 38),
('40402', 'ANDAGUA', 38),
('40403', 'AYO', 38),
('40404', 'CHACHAS', 38),
('40405', 'CHILCAYMARCA', 38),
('40406', 'CHOCO', 38),
('40407', 'HUANCARQUI', 38),
('40408', 'MACHAGUAY', 38),
('40409', 'ORCOPAMPA', 38),
('40410', 'PAMPACOLCA', 38),
('40411', 'TÍPAN', 38),
('40412', 'UÑÓN', 38),
('40413', 'URACA', 38),
('40414', 'VIRACO', 38),
('40501', 'CHIVAY', 39),
('40502', 'ACHOMA', 39),
('40503', 'CABANACONDE', 39),
('40504', 'CALLALLI', 39),
('40505', 'CAYLLOMA', 39),
('40506', 'COPORAQUE', 39),
('40507', 'HUAMBO', 39),
('40508', 'HUANCA', 39),
('40509', 'ICHUPAMPA', 39),
('40510', 'LARI', 39),
('40511', 'LLUTA', 39),
('40512', 'MACA', 39),
('40513', 'MADRIGAL', 39),
('40514', 'SAN ANTONIO DE CHUCA', 39),
('40515', 'SIBAYO', 39),
('40516', 'TAPAY', 39),
('40517', 'TISCO', 39),
('40518', 'TUTI', 39),
('40519', 'YANQUE', 39),
('40520', 'MAJES', 39),
('40601', 'CHUQUIBAMBA', 40),
('40602', 'ANDARAY', 40),
('40603', 'CAYARANI', 40),
('40604', 'CHICHAS', 40),
('40605', 'IRAY', 40),
('40606', 'RÍO GRANDE', 40),
('40607', 'SALAMANCA', 40),
('40608', 'YANAQUIHUA', 40),
('40701', 'MOLLENDO', 41),
('40702', 'COCACHACRA', 41),
('40703', 'DEÁN VALDIVIA', 41),
('40704', 'ISLAY', 41),
('40705', 'MEJÍA', 41),
('40706', 'PUNTA DE BOMBÓN', 41),
('40801', 'COTAHUASI', 42),
('40802', 'ALCA', 42),
('40803', 'CHARCANA', 42),
('40804', 'HUAYNACOTAS', 42),
('40805', 'PAMPAMARCA', 42),
('40806', 'PUYCA', 42),
('40807', 'QUECHUALLA', 42),
('40808', 'SAYLA', 42),
('40809', 'TAURÍA', 42),
('40810', 'TOMEPAMPA', 42),
('40811', 'TORO', 42),
('50101', 'AYACUCHO', 43),
('50102', 'ACOCRO', 43),
('50103', 'ACOS VINCHOS', 43),
('50104', 'CARMEN ALTO', 43),
('50105', 'CHIARA', 43),
('50106', 'OCROS', 43),
('50107', 'PACAYCASA', 43),
('50108', 'QUINUA', 43),
('50109', 'SAN JOSÉ DE TICLLAS', 43),
('50110', 'SAN JUAN BAUTISTA', 43),
('50111', 'SANTIAGO DE PISCHA', 43),
('50112', 'SOCOS', 43),
('50113', 'TAMBILLO', 43),
('50114', 'VINCHOS', 43),
('50115', 'JESÚS NAZARENO', 43),
('50116', 'ANDRÉS AVELINO CÁCERES DORREGARAY', 43),
('50201', 'CANGALLO', 44),
('50202', 'CHUSCHI', 44),
('50203', 'LOS MOROCHUCOS', 44),
('50204', 'MARÍA PARADO DE BELLIDO', 44),
('50205', 'PARAS', 44),
('50206', 'TOTOS', 44),
('50301', 'SANCOS', 45),
('50302', 'CARAPO', 45),
('50303', 'SACSAMARCA', 45),
('50304', 'SANTIAGO DE LUCANAMARCA', 45),
('50401', 'HUANTA', 46),
('50402', 'AYAHUANCO', 46),
('50403', 'HUAMANGUILLA', 46),
('50404', 'IGUAÍN', 46),
('50405', 'LURICOCHA', 46),
('50406', 'SANTILLANA', 46),
('50407', 'SIVIA', 46),
('50408', 'LLOCHEGUA', 46),
('50409', 'CANAYRE', 46),
('50410', 'UCHURACCAY', 46),
('50411', 'PUCACOLPA', 46),
('50412', 'CHACA', 46),
('50501', 'SAN MIGUEL', 47),
('50502', 'ANCO', 47),
('50503', 'AYNA', 47),
('50504', 'CHILCAS', 47),
('50505', 'CHUNGUI', 47),
('50506', 'LUIS CARRANZA', 47),
('50507', 'SANTA ROSA', 47),
('50508', 'TAMBO', 47),
('50509', 'SAMUGARI', 47),
('50510', 'ANCHIHUAY', 47),
('50511', 'ORONCCOY', 47),
('50601', 'PUQUIO', 48),
('50602', 'AUCARÁ', 48),
('50603', 'CABANA', 48),
('50604', 'CARMEN SALCEDO', 48),
('50605', 'CHAVIÑA', 48),
('50606', 'CHIPAO', 48),
('50607', 'HUAC-HUAS', 48),
('50608', 'LARAMATE', 48),
('50609', 'LEONCIO PRADO', 48),
('50610', 'LLAUTA', 48),
('50611', 'LUCANAS', 48),
('50612', 'OCAÑA', 48),
('50613', 'OTOCA', 48),
('50614', 'SAISA', 48),
('50615', 'SAN CRISTÓBAL', 48),
('50616', 'SAN JUAN', 48),
('50617', 'SAN PEDRO', 48),
('50618', 'SAN PEDRO DE PALCO', 48),
('50619', 'SANCOS', 48),
('50620', 'SANTA ANA DE HUAYCAHUACHO', 48),
('50621', 'SANTA LUCÍA', 48),
('50701', 'CORACORA', 49),
('50702', 'CHUMPI', 49),
('50703', 'CORONEL CASTAÑEDA', 49),
('50704', 'PACAPAUSA', 49),
('50705', 'PULLO', 49),
('50706', 'PUYUSCA', 49),
('50707', 'SAN FRANCISCO DE RAVACAYCO', 49),
('50708', 'UPAHUACHO', 49),
('50801', 'PAUZA', 50),
('50802', 'COLTA', 50),
('50803', 'CORCULLA', 50),
('50804', 'LAMPA', 50),
('50805', 'MARCABAMBA', 50),
('50806', 'OYOLO', 50),
('50807', 'PARARCA', 50),
('50808', 'SAN JAVIER DE ALPABAMBA', 50),
('50809', 'SAN JOSÉ DE USHUA', 50),
('50810', 'SARA SARA', 50),
('50901', 'QUEROBAMBA', 51),
('50902', 'BELÉN', 51),
('50903', 'CHALCOS', 51),
('50904', 'CHILCAYOC', 51),
('50905', 'HUACAÑA', 51),
('50906', 'MORCOLLA', 51),
('50907', 'PAICO', 51),
('50908', 'SAN PEDRO DE LARCAY', 51),
('50909', 'SAN SALVADOR DE QUIJE', 51),
('50910', 'SANTIAGO DE PAUCARAY', 51),
('50911', 'SORAS', 51),
('51001', 'HUANCAPI', 52),
('51002', 'ALCAMENCA', 52),
('51003', 'APONGO', 52),
('51004', 'ASQUIPATA', 52),
('51005', 'CANARIA', 52),
('51006', 'CAYARA', 52),
('51007', 'COLCA', 52),
('51008', 'HUAMANQUIQUIA', 52),
('51009', 'HUANCARAYLLA', 52),
('51010', 'HUALLA', 52),
('51011', 'SARHUA', 52),
('51012', 'VILCANCHOS', 52),
('51101', 'VILCASHUAMÁN', 53),
('51102', 'ACCOMARCA', 53),
('51103', 'CARHUANCA', 53),
('51104', 'CONCEPCIÓN', 53),
('51105', 'HUAMBALPA', 53),
('51106', 'INDEPENDENCIA', 53),
('51107', 'SAURAMA', 53),
('51108', 'VISCHONGO', 53),
('60101', 'CAJAMARCA', 54),
('60102', 'ASUNCIÓN', 54),
('60103', 'CHETILLA', 54),
('60104', 'COSPÁN', 54),
('60105', 'ENCAÑADA', 54),
('60106', 'JESÚS', 54),
('60107', 'LLACANORA', 54),
('60108', 'LOS BAÑOS DEL INCA', 54),
('60109', 'MAGDALENA', 54),
('60110', 'MATARA', 54),
('60111', 'NAMORA', 54),
('60112', 'SAN JUAN', 54),
('60201', 'CAJABAMBA', 55),
('60202', 'CACHACHI', 55),
('60203', 'CONDEBAMBA', 55),
('60204', 'SITACOCHA', 55),
('60301', 'CELENDÍN', 56),
('60302', 'CHÚMUCH', 56),
('60303', 'CORTEGANA', 56),
('60304', 'HUASMÍN', 56),
('60305', 'JORGE CHÁVEZ', 56),
('60306', 'JOSÉ GÁLVEZ', 56),
('60307', 'MIGUEL IGLESIAS', 56),
('60308', 'OXAMARCA', 56),
('60309', 'SOROCHUCO', 56),
('60310', 'SUCRE', 56),
('60311', 'UTCO', 56),
('60312', 'LA LIBERTAD DE PALLÁN', 56),
('60401', 'CHOTA', 57),
('60402', 'ANGUÍA', 57),
('60403', 'CHADÍN', 57),
('60404', 'CHIGUIRIP', 57),
('60405', 'CHIMBÁN', 57),
('60406', 'CHOROPAMPA', 57),
('60407', 'COCHABAMBA', 57),
('60408', 'CONCHÁN', 57),
('60409', 'HUAMBOS', 57),
('60410', 'LAJAS', 57),
('60411', 'LLAMA', 57),
('60412', 'MIRACOSTA', 57),
('60413', 'PACCHA', 57),
('60414', 'PIÓN', 57),
('60415', 'QUEROCOTO', 57),
('60416', 'SAN JUAN DE LICUPIS', 57),
('60417', 'TACABAMBA', 57),
('60418', 'TOCMOCHE', 57),
('60419', 'CHALAMARCA', 57),
('60501', 'CONTUMAZÁ', 58),
('60502', 'CHILETE', 58),
('60503', 'CUPISNIQUE', 58),
('60504', 'GUZMANGO', 58),
('60505', 'SAN BENITO', 58),
('60506', 'SANTA CRUZ DE TOLEDO', 58),
('60507', 'TANTARICA', 58),
('60508', 'YONÁN', 58),
('60601', 'CUTERVO', 59),
('60602', 'CALLÁYUC', 59),
('60603', 'CHOROS', 59),
('60604', 'CUJILLO', 59),
('60605', 'LA RAMADA', 59),
('60606', 'PIMPINGOS', 59),
('60607', 'QUEROCOTILLO', 59),
('60608', 'SAN ANDRÉS DE CUTERVO', 59),
('60609', 'SAN JUAN DE CUTERVO', 59),
('60610', 'SAN LUIS DE LUCMA', 59),
('60611', 'SANTA CRUZ', 59),
('60612', 'SANTO DOMINGO DE LA CAPILLA', 59),
('60613', 'SANTO TOMÁS', 59),
('60614', 'SOCOTA', 59),
('60615', 'TORIBIO CASANOVA', 59),
('60701', 'BAMBAMARCA', 60),
('60702', 'CHUGUR', 60),
('60703', 'HUALGÁYOC', 60),
('60801', 'JAÉN', 61),
('60802', 'BELLAVISTA', 61),
('60803', 'CHONTALÍ', 61),
('60804', 'COLASAY', 61),
('60805', 'HUABAL', 61),
('60806', 'LAS PIRIAS', 61),
('60807', 'POMAHUACA', 61),
('60808', 'PUCARÁ', 61),
('60809', 'SALLIQUE', 61),
('60810', 'SAN FELIPE', 61),
('60811', 'SAN JOSÉ DEL ALTO', 61),
('60812', 'SANTA ROSA', 61),
('60901', 'SAN IGNACIO', 62),
('60902', 'CHIRINOS', 62),
('60903', 'HUARANGO', 62),
('60904', 'LA COIPA', 62),
('60905', 'NAMBALLE', 62),
('60906', 'SAN JOSÉ DE LOURDES', 62),
('60907', 'TABACONAS', 62),
('61001', 'PEDRO GÁLVEZ', 63),
('61002', 'CHANCAY', 63),
('61003', 'EDUARDO VILLANUEVA', 63),
('61004', 'GREGORIO PITA', 63),
('61005', 'ICHOCÁN', 63),
('61006', 'JOSÉ MANUEL QUIROZ', 63),
('61007', 'JOSÉ SABOGAL', 63),
('61101', 'SAN MIGUEL', 64),
('61102', 'BOLÍVAR', 64),
('61103', 'CALQUIS', 64),
('61104', 'CATILLUC', 64),
('61105', 'EL PRADO', 64),
('61106', 'LA FLORIDA', 64),
('61107', 'LLAPA', 64),
('61108', 'NANCHOC', 64),
('61109', 'NIEPOS', 64),
('61110', 'SAN GREGORIO', 64),
('61111', 'SAN SILVESTRE DE CONCHÁN', 64),
('61112', 'TONGOD', 64),
('61113', 'UNIÓN AGUA BLANCA', 64),
('61201', 'SAN PABLO', 65),
('61202', 'SAN BERNARDINO', 65),
('61203', 'SAN LUIS', 65),
('61204', 'TUMBADÉN', 65),
('61301', 'SANTA CRUZ', 66),
('61302', 'ANDABAMBA', 66),
('61303', 'CATACHE', 66),
('61304', 'CHANCAYBAÑOS', 66),
('61305', 'LA ESPERANZA', 66),
('61306', 'NINABAMBA', 66),
('61307', 'PULÁN', 66),
('61308', 'SAUCEPAMPA', 66),
('61309', 'SEXI', 66),
('61310', 'UTICYACU', 66),
('61311', 'YAUYUCAN', 66),
('70101', 'CALLAO', 67),
('70102', 'BELLAVISTA', 67),
('70103', 'CARMEN DE LA LEGUA-REYNOSO', 67),
('70104', 'LA PERLA', 67),
('70105', 'LA PUNTA', 67),
('70106', 'VENTANILLA', 67),
('70107', 'MI PERÚ', 67),
('80101', 'CUSCO', 68),
('80102', 'CCORCA', 68),
('80103', 'POROY', 68),
('80104', 'SAN JERÓNIMO', 68),
('80105', 'SAN SEBASTIÁN', 68),
('80106', 'SANTIAGO', 68),
('80107', 'SAYLLA', 68),
('80108', 'WÁNCHAQ', 68),
('80201', 'ACOMAYO', 69),
('80202', 'ACOPÍA', 69),
('80203', 'ACOS', 69),
('80204', 'MOSOC LLACTA', 69),
('80205', 'POMACANCHI', 69),
('80206', 'RONDOCAN', 69),
('80207', 'SANGARARÁ', 69),
('80301', 'ANTA', 70),
('80302', 'ANCAHUASI', 70),
('80303', 'CACHIMAYO', 70),
('80304', 'CHINCHAYPUJIO', 70),
('80305', 'HUAROCONDO', 70),
('80306', 'LIMATAMBO', 70),
('80307', 'MOLLEPATA', 70),
('80308', 'PUCYURA', 70),
('80309', 'ZURITE', 70),
('80401', 'CALCA', 71),
('80402', 'COYA', 71),
('80403', 'LAMAY', 71),
('80404', 'LARES', 71),
('80405', 'PÍSAC', 71),
('80406', 'SAN SALVADOR', 71),
('80407', 'TARAY', 71),
('80408', 'YANATILE', 71),
('80501', 'YANAOCA', 72),
('80502', 'CHECCA', 72),
('80503', 'KUNTURKANKI', 72),
('80504', 'LANGUI', 72),
('80505', 'LAYO', 72),
('80506', 'PAMPAMARCA', 72),
('80507', 'QUEHUE', 72),
('80508', 'TÚPAC AMARU', 72),
('80601', 'SICUANI', 73),
('80602', 'CHECACUPE', 73),
('80603', 'COMBAPATA', 73),
('80604', 'MARANGANÍ', 73),
('80605', 'PITUMARCA', 73),
('80606', 'SAN PABLO', 73),
('80607', 'SAN PEDRO', 73),
('80608', 'TINTA', 73),
('80701', 'SANTO TOMÁS', 74),
('80702', 'CAPACMARCA', 74),
('80703', 'CHAMACA', 74),
('80704', 'COLQUEMARCA', 74),
('80705', 'LIVITACA', 74),
('80706', 'LLUSCO', 74),
('80707', 'QUIÑOTA', 74),
('80708', 'VELILLE', 74),
('80801', 'ESPINAR', 75),
('80802', 'CONDOROMA', 75),
('80803', 'COPORAQUE', 75),
('80804', 'OCORURO', 75),
('80805', 'PALLPATA', 75),
('80806', 'PICHIGUA', 75),
('80807', 'SUYCKUTAMBO', 75),
('80808', 'ALTO PICHIGUA', 75),
('80901', 'SANTA ANA', 76),
('80902', 'ECHARATE', 76),
('80903', 'HUAYOPATA', 76),
('80904', 'MARANURA', 76),
('80905', 'OCOBAMBA', 76),
('80906', 'QUELLOÚNO', 76),
('80907', 'KIMBIRI', 76),
('80908', 'SANTA TERESA', 76),
('80909', 'VILCABAMBA', 76),
('80910', 'PICHARI', 76),
('80911', 'INKAWASI', 76),
('80912', 'VILLA VIRGEN', 76),
('80913', 'VILLA KINTIARINA', 76),
('80914', 'MEGANTONI', 76),
('81001', 'PARURO', 77),
('81002', 'ACCHA', 77),
('81003', 'CCAPI', 77),
('81004', 'COLCHA', 77),
('81005', 'HUANOQUITE', 77),
('81006', 'OMACHA', 77),
('81007', 'PACCARITAMBO', 77),
('81008', 'PILLPINTO', 77),
('81009', 'YAURISQUE', 77),
('81101', 'PAUCARTAMBO', 78),
('81102', 'CAICAY', 78),
('81103', 'CHALLABAMBA', 78),
('81104', 'COLQUEPATA', 78),
('81105', 'HUANCARANI', 78),
('81106', 'KOSÑIPATA', 78),
('81201', 'URCOS', 79),
('81202', 'ANDAHUAYLILLAS', 79),
('81203', 'CAMANTI', 79),
('81204', 'CCARHUAYO', 79),
('81205', 'CCATCA', 79),
('81206', 'CUSIPATA', 79),
('81207', 'HUARO', 79),
('81208', 'LUCRE', 79),
('81209', 'MARCAPATA', 79),
('81210', 'OCONGATE', 79),
('81211', 'OROPESA', 79),
('81212', 'QUIQUIJANA', 79),
('81301', 'URUBAMBA', 80),
('81302', 'CHINCHERO', 80),
('81303', 'HUAYLLABAMBA', 80),
('81304', 'MACHUPICCHU', 80),
('81305', 'MARAS', 80),
('81306', 'OLLANTAYTAMBO', 80),
('81307', 'YUCAY', 80),
('90101', 'HUANCAVELICA', 81),
('90102', 'ACOBAMBILLA', 81),
('90103', 'ACORIA', 81),
('90104', 'CONAYCA', 81),
('90105', 'CUENCA', 81),
('90106', 'HUACHOCOLPA', 81),
('90107', 'HUAYLLAHUARA', 81),
('90108', 'IZCUCHACA', 81),
('90109', 'LARIA', 81),
('90110', 'MANTA', 81),
('90111', 'MARISCAL CÁCERES', 81),
('90112', 'MOYA', 81),
('90113', 'NUEVO OCCORO', 81),
('90114', 'PALCA', 81),
('90115', 'PILCHACA', 81),
('90116', 'VILCA', 81),
('90117', 'YAULI', 81),
('90118', 'ASCENSIÓN', 81),
('90119', 'HUANDO', 81),
('90201', 'ACOBAMBA', 82),
('90202', 'ANDABAMBA', 82),
('90203', 'ANTA', 82),
('90204', 'CAJA', 82),
('90205', 'MARCAS', 82),
('90206', 'PAUCARÁ', 82),
('90207', 'POMACOCHA', 82),
('90208', 'ROSARIO', 82),
('90301', 'LIRCAY', 83),
('90302', 'ANCHONGA', 83),
('90303', 'CALLANMARCA', 83),
('90304', 'CCOCHACCASA', 83),
('90305', 'CHINCHO', 83),
('90306', 'CONGALLA', 83),
('90307', 'HUANCA HUANCA', 83),
('90308', 'HUAYLLAY GRANDE', 83),
('90309', 'JULCAMARCA', 83),
('90310', 'SAN ANTONIO DE ANTAPARCO', 83),
('90311', 'SANTO TOMÁS DE PATA', 83),
('90312', 'SECCLLA', 83),
('90401', 'CASTROVIRREYNA', 84),
('90402', 'ARMA', 84),
('90403', 'AURAHUÁ', 84),
('90404', 'CAPILLAS', 84),
('90405', 'CHUPAMARCA', 84),
('90406', 'COCAS', 84),
('90407', 'HUACHOS', 84),
('90408', 'HUAMATAMBO', 84),
('90409', 'MOLLEPAMPA', 84),
('90410', 'SAN JUAN', 84),
('90411', 'SANTA ANA', 84),
('90412', 'TANTARA', 84),
('90413', 'TICRAPO', 84),
('90501', 'CHURCAMPA', 85),
('90502', 'ANCO', 85),
('90503', 'CHINCHIHUASI', 85),
('90504', 'EL CARMEN', 85),
('90505', 'LA MERCED', 85),
('90506', 'LOCROJA', 85),
('90507', 'PAUCARBAMBA', 85),
('90508', 'SAN MIGUEL DE MAYOCC', 85),
('90509', 'SAN PEDRO DE CORIS', 85),
('90510', 'PACHAMARCA', 85);
INSERT INTO `distrito` (`codigoPostal`, `distrito`, `idProvincia`) VALUES
('90511', 'COSME', 85),
('90601', 'HUAYTARÁ', 86),
('90602', 'AYAVÍ', 86),
('90603', 'CÓRDOVA', 86),
('90604', 'HUAYACUNDO ARMA', 86),
('90605', 'LARAMARCA', 86),
('90606', 'OCOYO', 86),
('90607', 'PILPICHACA', 86),
('90608', 'QUERCO', 86),
('90609', 'QUITO-ARMA', 86),
('90610', 'SAN ANTONIO DE CUSICANCHA', 86),
('90611', 'SAN FRANCISCO DE SANGAYAICO', 86),
('90612', 'SAN ISIDRO', 86),
('90613', 'SANTIAGO DE CHOCORVOS', 86),
('90614', 'SANTIAGO DE QUIRAHUARA', 86),
('90615', 'SANTO DOMINGO DE CAPILLAS', 86),
('90616', 'TAMBO', 86),
('90701', 'PAMPAS', 87),
('90702', 'ACOSTAMBO', 87),
('90703', 'ACRAQUÍA', 87),
('90704', 'AHUAYCHA', 87),
('90705', 'COLCABAMBA', 87),
('90706', 'DANIEL HERNÁNDEZ', 87),
('90707', 'HUACHOCOLPA', 87),
('90709', 'ÑAHUIMPUQUIO', 87),
('90710', 'PAZOS', 87),
('90711', 'QUISHUAR', 87),
('90713', 'SALCAHUASI', 87),
('90714', 'SAN MARCOS DE ROCCHAC', 87),
('90715', 'SURCUBAMBA', 87),
('90716', 'TINTAY PUNCU', 87),
('90717', 'QUICHUAS', 87),
('90718', 'ANDAYMARCA', 87),
('90719', 'ROBLE', 87),
('90720', 'PICHOS', 87),
('90721', 'SANTIAGO DE TUCUMA', 87),
('﻿10101', 'CHACHAPOYAS', 1);

-- --------------------------------------------------------

--
-- Estructura de tabla para la tabla `enfermedades`
--

CREATE TABLE `enfermedades` (
  `codigoEnf` char(4) NOT NULL,
  `nomEnfermedad` varchar(200) NOT NULL,
  `idCatEnfermedad` int(11) NOT NULL
) ENGINE=InnoDB DEFAULT CHARSET=utf8mb4;

--
-- Volcado de datos para la tabla `enfermedades`
--

INSERT INTO `enfermedades` (`codigoEnf`, `nomEnfermedad`, `idCatEnfermedad`) VALUES
('K001', 'Dientes Supernumerarios', 1),
('K002', 'Anomalias del Tamaño y de la Forma del Diente', 1),
('K003', 'Dientes Moteados', 1),
('K004', 'Alteraciones en la Forma Dentaria', 1),
('K005', 'Alteraciones Hereditarias de la Estructura Dentaria', 1),
('K006', 'Alteraciones en la Erupcion Dentaria', 1),
('K007', 'Sindrome de la Erupcion Dentaria', 1),
('K008', 'Otros Transtornos del Desarrollo Dental', 1),
('K009', 'Transtorno del Desarrollo Dental', 1),
('K010', 'Dientes Incluidos', 5),
('K011', 'Dientes Impactados', 5),
('K020', 'Caries Limitada al Esmalte', 2),
('K021', 'Caries de la Dentina', 2),
('K022', 'Caries del Cemento', 2),
('K023', 'Caries Dentaria Detenida', 2),
('K024', 'Odontoclasia', 2),
('K028', 'Otras Caries Dentales', 2),
('K029', 'Caries Dental, no Especificada', 2),
('K030', 'Atricion Excesiva de los Dientes', 2),
('K031', 'Abrasion de los Dientes', 2),
('K032', 'Erosion de los Dientes', 2),
('K033', 'Reabsorcion Patologica de los Dientes', 3),
('K034', 'Hipercementosis', 3),
('K035', 'Anquilosis Dental', 3),
('K036', 'Acreciones Dentales', 3),
('K037', 'Cambios de Color de los Tejidos Dentales Duros', 3),
('K038', 'Otras Enfermedades de los Tejidos Duros de los Dientes', 3),
('K039', 'Enfermedad no Especificada de los Tejidos Dentales', 3),
('K040', 'Pulpitis', 3),
('K041', 'Necrosis de la Pulpa', 3),
('K042', 'Degeneracion de la Pulpa', 3),
('K043', 'Formacion Anormal del Tejido Duro en la Pulpa', 3),
('K044', 'Periodontitis Apical Aguda ', 3),
('K045', 'Periodontitis Apical Cronica', 3),
('K046', 'Absceso Periapical con Fistula', 3),
('K047', 'Absceso Periapical sin Fistul', 3),
('K048', 'Quiste Radicular ', 3),
('K049', 'Otras Enfermedades del Tejido Periapical', 3),
('K050', 'Gingivitis Aguda', 4),
('K051', 'Gingivitis Cronica', 4),
('K052', 'Periodontitis Aguda', 4),
('K053', 'Periodontitis Cronica', 4),
('K054', 'Periodontitis', 4),
('K055', 'Otras Enfermedades Periodontales', 4),
('K056', 'Enfermedad de Periodonto, no Especificada', 4),
('K060', 'Retraccion Gingival', 4),
('K061', 'Hiperplasia Gingival', 4),
('K062', 'Lesiones de la Encia', 4),
('K068', 'Otros Transtornos de Encias', 4),
('K069', 'Transtorno no Especificado de Encias', 4),
('K070', 'Anomalias en los Maxilares', 5),
('K071', 'Anomalias de la Relacion Maxilobasilar', 5),
('K072', 'Anomalias del Arco Dentario', 5),
('K073', 'Anomalias de la Posicion Dental', 5),
('K074', 'Maloclusion de Tipo no Especificado', 5),
('K075', 'Anomalias Dentofaciales Funcionales', 5),
('K076', 'Transtorno de la Articulacion Temporomaxilar', 5),
('K078', 'Otras Anomalias Dentofaciales', 5),
('K079', 'Anomalia Dentofacial no Especificada', 5),
('K080', 'Exfoliacion de los Dientes', 5),
('K081', 'Periodontal Local', 4),
('K082', 'Atrofia de Reborde Alveolar Desdentado', 5),
('K083', 'Raiz Dental Retenida', 5),
('K088', 'Otras Afecciones de los Dientes ', 4),
('K089', 'Transtorno de los Dientes, no Especifica', 4),
('K090', 'Quistes Originados por el Desarrollo de los Dientes', 5),
('K091', 'Quistes de las Fisuras', 5),
('K092', 'Otros Quistes de los Maxilares', 5),
('K098', 'Otros Quistes de la Region Bucal no Clasificados', 5),
('K099', 'Quiste de la Region Bucal sin Especificar', 5),
('K100', 'Transtorno del Desarrollo de los Maxilares', 5),
('K101', 'Granuloma Central de Celulas Gigantes', 5),
('K102', 'Afecciones Inflamatorias de los Maxilares', 5),
('K103', 'Alveolitis del Maxilar', 5),
('K108', 'Otras Enfermedades de los Maxilares', 5),
('K109', 'Enfermedades de los Maxilares no Especificada', 5);

-- --------------------------------------------------------

--
-- Estructura de tabla para la tabla `especialidades`
--

CREATE TABLE `especialidades` (
  `idEspecialidad` int(11) NOT NULL,
  `nomEspecialidad` varchar(100) COLLATE utf8mb4_spanish_ci NOT NULL
) ENGINE=InnoDB DEFAULT CHARSET=utf8mb4 COLLATE=utf8mb4_spanish_ci;

--
-- Volcado de datos para la tabla `especialidades`
--

INSERT INTO `especialidades` (`idEspecialidad`, `nomEspecialidad`) VALUES
(1, 'Odontologia General'),
(2, 'Periodoncia'),
(3, 'Odontopediatria'),
(4, 'Cirujia Maxilo-Facial'),
(5, 'Ortodoncia y Ortopedia'),
(6, 'Rehabilitacion Oral'),
(7, 'Odontologia Estetica'),
(8, 'Endodoncia'),
(9, 'Implantologia Dental');

-- --------------------------------------------------------

--
-- Estructura de tabla para la tabla `especialistas`
--

CREATE TABLE `especialistas` (
  `idEspecialista` int(11) NOT NULL,
  `nombres` varchar(100) COLLATE utf8mb4_spanish_ci NOT NULL,
  `aPaterno` varchar(50) COLLATE utf8mb4_spanish_ci NOT NULL,
  `aMaterno` varchar(50) COLLATE utf8mb4_spanish_ci NOT NULL,
  `numDocumento` char(11) COLLATE utf8mb4_spanish_ci NOT NULL,
  `fechaNacimiento` date NOT NULL,
  `telefono` char(15) COLLATE utf8mb4_spanish_ci NOT NULL,
  `direccion` varchar(100) COLLATE utf8mb4_spanish_ci NOT NULL,
  `activo` tinyint(1) NOT NULL,
  `idTipoDoc` int(11) NOT NULL,
  `idEspecialidad` int(11) NOT NULL,
  `codigoDistrito` char(8) CHARACTER SET utf8mb4 NOT NULL
) ENGINE=InnoDB DEFAULT CHARSET=utf8mb4 COLLATE=utf8mb4_spanish_ci;

--
-- Volcado de datos para la tabla `especialistas`
--

INSERT INTO `especialistas` (`idEspecialista`, `nombres`, `aPaterno`, `aMaterno`, `numDocumento`, `fechaNacimiento`, `telefono`, `direccion`, `activo`, `idTipoDoc`, `idEspecialidad`, `codigoDistrito`) VALUES
(1, 'Sebastian Franco', 'Zalinas', 'Cordova', '856425953', '1987-10-11', '957845256', 'Jr. Heroes del Cenepa - Nº 530', 1, 1, 2, '10201'),
(2, 'Mariela Lizbet', 'Campos', 'Abanto', '41258696', '1992-10-02', '968569256', 'Av. Mariano Melgar - Nº 1325', 1, 1, 3, '10704'),
(3, 'Juan Carlos', 'Abad', 'Rojas', '56854596', '1990-05-25', '963845123', 'Jr. Las Delicias - Nº 865', 1, 1, 1, '10201'),
(4, 'Juan Carlos', 'Abad', 'Rojas', '56854596', '1990-05-25', '963845123', 'Jr. Las Delicias - Nº 865', 1, 1, 4, '10704'),
(5, 'Isaac', 'Torres', 'Guevara', '56859648', '1988-12-11', '986458978', 'Jr. Los Pinos - Nº 1526', 1, 1, 5, '10201'),
(6, 'Matha', 'Leon', 'Carrasco', '45846952', '1992-06-17', '963152485', 'Av. Circunvalacion - Nº 1756', 1, 1, 7, '10704'),
(7, 'Sebastian ', 'Coronado', 'CienFuegos', '65254596', '1984-10-12', '926354758', 'Jr. Tacna - Nº 1420', 1, 1, 6, '10201'),
(8, 'Sebastian', 'Coronado', 'CienFuegos', '65254596', '1984-10-12', '926354758', 'Jr. Tacna - Nº 1420', 1, 1, 9, '10704'),
(9, 'Isaac', 'Torres', 'Guevara', '56859648', '1988-12-11', '986458978', 'Jr. Los Pinos - Nº 1526', 1, 1, 8, '10201');

-- --------------------------------------------------------

--
-- Estructura de tabla para la tabla `examenes`
--

CREATE TABLE `examenes` (
  `idExamenen` int(11) NOT NULL,
  `tipoExamen` varchar(100) NOT NULL,
  `descripcion` varchar(200) NOT NULL,
  `codigoTarifa` char(6) NOT NULL,
  `fecha` date NOT NULL,
  `serieRadiografia` char(6) NOT NULL,
  `idTratamiento` int(11) NOT NULL,
  `codigoEnfermedad` char(4) NOT NULL
) ENGINE=InnoDB DEFAULT CHARSET=utf8mb4;

-- --------------------------------------------------------

--
-- Estructura de tabla para la tabla `historialclinico`
--

CREATE TABLE `historialclinico` (
  `serie` char(6) COLLATE utf8mb4_spanish_ci NOT NULL,
  `fecha` date NOT NULL,
  `idPaciente` int(11) NOT NULL,
  `idConsulta` int(11) NOT NULL,
  `idTratamiento` int(11) NOT NULL
) ENGINE=InnoDB DEFAULT CHARSET=utf8mb4 COLLATE=utf8mb4_spanish_ci;

-- --------------------------------------------------------

--
-- Estructura de tabla para la tabla `medicamentos`
--

CREATE TABLE `medicamentos` (
  `idMedicamentos` int(11) NOT NULL,
  `nomMedicamento` varchar(100) NOT NULL,
  `descripcion` varchar(200) NOT NULL,
  `idCategoriaMedicamento` int(11) NOT NULL
) ENGINE=InnoDB DEFAULT CHARSET=utf8mb4;

--
-- Volcado de datos para la tabla `medicamentos`
--

INSERT INTO `medicamentos` (`idMedicamentos`, `nomMedicamento`, `descripcion`, `idCategoriaMedicamento`) VALUES
(1, 'Amoxicilina', 'Infecciones de dientes y encias', 1),
(2, 'Eritromicina', 'Infeccion dental y/o pacientes con enfermedades hepaticas', 1),
(3, 'Cefalosporina', 'Infeccion dental', 1),
(4, 'Metronidazol', 'Infecciones de hongos e infecciones orales', 1),
(5, 'Azitromicina', 'Infeccion bacteriana oral', 1),
(6, 'Penicilina', 'Infeccion por  bacterias en los dientes', 1);

-- --------------------------------------------------------

--
-- Estructura de tabla para la tabla `paciente`
--

CREATE TABLE `paciente` (
  `idPaciente` int(11) NOT NULL,
  `nombres` varchar(100) NOT NULL,
  `aPaterno` varchar(50) NOT NULL,
  `aMaterno` varchar(50) NOT NULL,
  `numDocumento` varchar(10) NOT NULL,
  `fechaNacimiento` date NOT NULL,
  `telefono` varchar(15) NOT NULL,
  `email` varchar(50) NOT NULL,
  `direccion` varchar(200) NOT NULL,
  `estado` tinyint(1) NOT NULL,
  `idTipoDocumento` int(11) NOT NULL,
  `codigoDistrito` char(8) NOT NULL
) ENGINE=InnoDB DEFAULT CHARSET=utf8mb4;

--
-- Volcado de datos para la tabla `paciente`
--

INSERT INTO `paciente` (`idPaciente`, `nombres`, `aPaterno`, `aMaterno`, `numDocumento`, `fechaNacimiento`, `telefono`, `email`, `direccion`, `estado`, `idTipoDocumento`, `codigoDistrito`) VALUES
(1, 'JORGE LUIS', 'CASTREJON', 'TARRILLO', '78945612', '2002-10-10', '987654321', 'JORGECASTREJON@HOTMAIL.COM', 'JR', 1, 1, '10201'),
(2, 'ERICK FABRICIO', 'AYMA', 'MORENO', '72080871', '2002-09-06', '975934929', '7208087192@GMAIL.COM', 'JR. CH', 1, 1, '10704'),
(3, 'MANUEL', 'MACO', 'MORENO', '86123745', '2000-06-07', '987654123', 'ENMABARTUREN@GMAIL.COM', 'JR', 1, 1, '10201'),
(4, 'FABIANA', 'AYMA', 'MORENO', '87456123', '2008-12-06', '975934929', 'FABIANA@HOTMAIL.COM', 'JR. CHULUCANAS ', 1, 1, '10704'),
(5, 'GABRIEL OMAR', 'IZQUIERDO', 'VILLALOBOS', '46598712', '2001-06-15', '87654321', 'GABI@GMAIL.COM', 'JR.', 1, 1, '10701');

-- --------------------------------------------------------

--
-- Estructura de tabla para la tabla `pago`
--

CREATE TABLE `pago` (
  `idPago` int(11) NOT NULL,
  `fechaPago` date NOT NULL,
  `monto` double NOT NULL,
  `totalPagar` double NOT NULL,
  `vuelto` int(11) NOT NULL,
  `idTipoPago` int(11) NOT NULL,
  `serieComprobante` char(8) NOT NULL
) ENGINE=InnoDB DEFAULT CHARSET=utf8mb4;

-- --------------------------------------------------------

--
-- Estructura de tabla para la tabla `pais`
--

CREATE TABLE `pais` (
  `avPais` char(2) NOT NULL,
  `pais` varchar(100) NOT NULL
) ENGINE=InnoDB DEFAULT CHARSET=utf8mb4;

--
-- Volcado de datos para la tabla `pais`
--

INSERT INTO `pais` (`avPais`, `pais`) VALUES
('PE', 'PERÚ');

-- --------------------------------------------------------

--
-- Estructura de tabla para la tabla `provincia`
--

CREATE TABLE `provincia` (
  `idProvincia` int(11) NOT NULL,
  `provincia` varchar(100) NOT NULL,
  `idDepartamento` int(11) NOT NULL
) ENGINE=InnoDB DEFAULT CHARSET=utf8mb4;

--
-- Volcado de datos para la tabla `provincia`
--

INSERT INTO `provincia` (`idProvincia`, `provincia`, `idDepartamento`) VALUES
(1, 'CHACHAPOYAS', 1),
(2, 'BAGUA', 1),
(3, 'BONGARÁ', 1),
(4, 'CONDORCANQUI', 1),
(5, 'LUYA', 1),
(6, 'RODRÍGUEZ DE MENDOZA', 1),
(7, 'UTCUBAMBA', 1),
(8, 'HUARAZ', 2),
(9, 'AIJA', 2),
(10, 'ANTONIO RAIMONDI', 2),
(11, 'ASUNCIÓN', 2),
(12, 'BOLOGNESI', 2),
(13, 'CARHUAZ', 2),
(14, 'CARLOS FERMÍN FITZCARRALD', 2),
(15, 'CASMA', 2),
(16, 'CORONGO', 2),
(17, 'HUARI', 2),
(18, 'HUARMEY', 2),
(19, 'HUAYLAS', 2),
(20, 'MARISCAL LUZURIAGA', 2),
(21, 'OCROS', 2),
(22, 'PALLASCA', 2),
(23, 'POMABAMBA', 2),
(24, 'RECUAY', 2),
(25, 'SANTA', 2),
(26, 'SIHUAS', 2),
(27, 'YUNGAY', 2),
(28, 'ABANCAY', 3),
(29, 'ANDAHUAYLAS', 3),
(30, 'ANTABAMBA', 3),
(31, 'AYMARAES', 3),
(32, 'COTABAMBAS', 3),
(33, 'CHINCHEROS', 3),
(34, 'GRAU', 3),
(35, 'AREQUIPA', 4),
(36, 'CAMANÁ', 4),
(37, 'CARAVELÍ', 4),
(38, 'CASTILLA', 4),
(39, 'CAYLLOMA', 4),
(40, 'CONDESUYOS', 4),
(41, 'ISLAY', 4),
(42, 'LA UNIÓN', 4),
(43, 'HUAMANGA', 5),
(44, 'CANGALLO', 5),
(45, 'HUANCA SANCOS', 5),
(46, 'HUANTA', 5),
(47, 'LA MAR', 5),
(48, 'LUCANAS', 5),
(49, 'PARINACOCHAS', 5),
(50, 'PÁUCAR DEL SARA SARA', 5),
(51, 'SUCRE', 5),
(52, 'VÍCTOR FAJARDO', 5),
(53, 'VILCAS HUAMÁN', 5),
(54, 'CAJAMARCA', 6),
(55, 'CAJABAMBA', 6),
(56, 'CELENDÍN', 6),
(57, 'CHOTA', 6),
(58, 'CONTUMAZÁ', 6),
(59, 'CUTERVO', 6),
(60, 'HUALGAYOC', 6),
(61, 'JAÉN', 6),
(62, 'SAN IGNACIO', 6),
(63, 'SAN MARCOS', 6),
(64, 'SAN MIGUEL', 6),
(65, 'SAN PABLO', 6),
(66, 'SANTA CRUZ', 6),
(67, 'CALLAO', 7),
(68, 'CUSCO', 8),
(69, 'ACOMAYO', 8),
(70, 'ANTA', 8),
(71, 'CALCA', 8),
(72, 'CANAS', 8),
(73, 'CANCHIS', 8),
(74, 'CHUMBIVILCAS', 8),
(75, 'ESPINAR', 8),
(76, 'LA CONVENCIÓN', 8),
(77, 'PARURO', 8),
(78, 'PAUCARTAMBO', 8),
(79, 'QUISPICANCHI', 8),
(80, 'URUBAMBA', 8),
(81, 'HUANCAVELICA', 9),
(82, 'ACOBAMBA', 9),
(83, 'ANGARAES', 9),
(84, 'CASTROVIRREYNA', 9),
(85, 'CHURCAMPA', 9),
(86, 'HUAYTARÁ', 9),
(87, 'TAYACAJA', 9),
(88, 'HUÁNUCO', 10),
(89, 'AMBO', 10),
(90, 'DOS DE MAYO', 10),
(91, 'HUACAYBAMBA', 10),
(92, 'HUAMALÍES', 10),
(93, 'LEONCIO PRADO', 10),
(94, 'MARAÑÓN', 10),
(95, 'PACHITEA', 10),
(96, 'PUERTO INCA', 10),
(97, 'LAURICOCHA', 10),
(98, 'YAROWILCA', 10),
(99, 'ICA', 11),
(100, 'CHINCHA', 11),
(101, 'NAZCA', 11),
(102, 'PALPA', 11),
(103, 'PISCO', 11),
(104, 'HUANCAYO', 12),
(105, 'CONCEPCIÓN', 12),
(106, 'CHANCHAMAYO', 12),
(107, 'JAUJA', 12),
(108, 'JUNÍN', 12),
(109, 'SATIPO', 12),
(110, 'TARMA', 12),
(111, 'YAULI', 12),
(112, 'CHUPACA', 12),
(113, 'TRUJILLO', 13),
(114, 'ASCOPE', 13),
(115, 'BOLÍVAR', 13),
(116, 'CHEPÉN', 13),
(117, 'JULCÁN', 13),
(118, 'OTUZCO', 13),
(119, 'PACASMAYO', 13),
(120, 'PATAZ', 13),
(121, 'SÁNCHEZ CARRIÓN', 13),
(122, 'SANTIAGO DE CHUCO', 13),
(123, 'GRAN CHIMÚ', 13),
(124, 'VIRÚ', 13),
(125, 'CHICLAYO', 14),
(126, 'FERREÑAFE', 14),
(127, 'LAMBAYEQUE', 14),
(128, 'LIMA', 15),
(129, 'BARRANCA', 15),
(130, 'CAJATAMBO', 15),
(131, 'CANTA', 15),
(132, 'CAÑETE', 15),
(133, 'HUARAL', 15),
(134, 'HUAROCHIRÍ', 15),
(135, 'HUAURA', 15),
(136, 'OYÓN', 15),
(137, 'YAUYOS', 15),
(138, 'MAYNAS', 16),
(139, 'ALTO AMAZONAS', 16),
(140, 'LORETO', 16),
(141, 'MARISCAL RAMÓN CASTILLA', 16),
(142, 'REQUENA', 16),
(143, 'UCAYALI', 16),
(144, 'DATEM DEL MARAÑÓN', 16),
(145, 'PUTUMAYO', 16),
(146, 'TAMBOPATA', 17),
(147, 'MANU', 17),
(148, 'TAHUAMANU', 17),
(149, 'MARISCAL NIETO', 18),
(150, 'GENERAL SÁNCHEZ CERRO', 18),
(151, 'ILO', 18),
(152, 'PASCO', 19),
(153, 'DANIEL ALCIDES CARRIÓN', 19),
(154, 'OXAPAMPA', 19),
(155, 'PIURA', 20),
(156, 'AYABACA', 20),
(157, 'HUANCABAMBA', 20),
(158, 'MORROPÓN', 20),
(159, 'PAITA', 20),
(160, 'SULLANA', 20),
(161, 'TALARA', 20),
(162, 'SECHURA', 20),
(163, 'PUNO', 21),
(164, 'AZÁNGARO', 21),
(165, 'CARABAYA', 21),
(166, 'CHUCUITO', 21),
(167, 'EL COLLAO', 21),
(168, 'HUANCANÉ', 21),
(169, 'LAMPA', 21),
(170, 'MELGAR', 21),
(171, 'MOHO', 21),
(172, 'SAN ANTONIO DE PUTINA', 21),
(173, 'SAN ROMÁN', 21),
(174, 'SANDIA', 21),
(175, 'YUNGUYO', 21),
(176, 'MOYOBAMBA', 22),
(177, 'BELLAVISTA', 22),
(178, 'EL DORADO', 22),
(179, 'HUALLAGA', 22),
(180, 'LAMAS', 22),
(181, 'MARISCAL CÁCERES', 22),
(182, 'PICOTA', 22),
(183, 'RIOJA', 22),
(184, 'SAN MARTÍN', 22),
(185, 'TOCACHE', 22),
(186, 'TACNA', 23),
(187, 'CANDARAVE', 23),
(188, 'JORGE BASADRE', 23),
(189, 'TARATA', 23),
(190, 'TUMBES', 24),
(191, 'CONTRALMIRANTE VILLAR', 24),
(192, 'ZARUMILLA', 24),
(193, 'CORONEL PORTILLO', 25),
(194, 'ATALAYA', 25),
(195, 'PADRE ABAD', 25),
(196, 'PURÚS', 25);

-- --------------------------------------------------------

--
-- Estructura de tabla para la tabla `radiografia`
--

CREATE TABLE `radiografia` (
  `serieRadiografia` char(6) NOT NULL,
  `descripcion` varchar(200) NOT NULL,
  `idTipoRadiografia` int(11) NOT NULL
) ENGINE=InnoDB DEFAULT CHARSET=utf8mb4;

-- --------------------------------------------------------

--
-- Estructura de tabla para la tabla `receta`
--

CREATE TABLE `receta` (
  `serieRecetaMedica` char(6) NOT NULL,
  `fecha` date NOT NULL,
  `idPaciente` int(11) NOT NULL,
  `idEspecialista` int(11) NOT NULL
) ENGINE=InnoDB DEFAULT CHARSET=utf8mb4;

-- --------------------------------------------------------

--
-- Estructura de tabla para la tabla `servicios`
--

CREATE TABLE `servicios` (
  `idServicio` int(11) NOT NULL,
  `nomServicio` varchar(100) COLLATE utf8mb4_spanish_ci NOT NULL,
  `descripcion` varchar(200) COLLATE utf8mb4_spanish_ci NOT NULL,
  `codTarifa` char(8) COLLATE utf8mb4_spanish_ci NOT NULL,
  `idEspecialista` int(11) NOT NULL
) ENGINE=InnoDB DEFAULT CHARSET=utf8mb4 COLLATE=utf8mb4_spanish_ci;

--
-- Volcado de datos para la tabla `servicios`
--

INSERT INTO `servicios` (`idServicio`, `nomServicio`, `descripcion`, `codTarifa`, `idEspecialista`) VALUES
(1, 'Cirugia General', 'Extraccion dentarias y cirugia de la boca', 'TF0001', 4),
(2, 'Odontologia Preventiva', 'Tartrectomias', 'TF0002', 3),
(3, 'Periodoncia', 'Patología de las encías y tejidos de soporte dentario', 'TF0003', 1),
(4, 'Protesis Dental', 'Sustitución de piezas dentarias mediante prótesis removible y fija sobre otros dientes o sobre implantes', 'TF0006', 8),
(5, 'Endodoncia', 'Raíces dentarias', 'TF0005', 9),
(6, 'Odontologia Infantil', 'Tratamiento odontológico general en niños', 'TF0007', 2),
(7, 'Ortodoncia', 'Diagnóstico, prevención y el tratamiento de las irregularidades dentales y faciales', 'TF0008', 5);

-- --------------------------------------------------------

--
-- Estructura de tabla para la tabla `tarifa`
--

CREATE TABLE `tarifa` (
  `codTarifa` char(6) NOT NULL,
  `descripcion` varchar(200) NOT NULL,
  `monto` double NOT NULL
) ENGINE=InnoDB DEFAULT CHARSET=utf8mb4;

--
-- Volcado de datos para la tabla `tarifa`
--

INSERT INTO `tarifa` (`codTarifa`, `descripcion`, `monto`) VALUES
('TF0001', 'Tarifa por servicio de Cirugia Oral', 40),
('TF0002', 'Tarifa por Servicio Odontologia Preventiva', 50),
('TF0003', 'Tarifa por Servicio de Periodoncia ', 40),
('TF0004', 'Tarifa por Tratamiento de Lesiones Dentales', 70),
('TF0005', 'Tarifa por Servicio Endodoncia', 150),
('TF0006', 'Tarifa por Servicio de Protesis Dental', 50),
('TF0007', 'Tarifa por Servicio de Odontologia Infantil', 35),
('TF0008', 'Tarifa por Servicio de Ortodoncia ', 3000),
('TF0009', 'Tarifa de Tratamiento de Caries', 35),
('TF0010', 'Tarifa de Tratamiento de Ortodoncia x sesion', 150),
('TF0011', 'Tarifa de Tratamientos de Dentaduras Removibles x sesion', 100),
('TF0012', 'Tarifa de Tratamientos de Enfermedades Periodontales en Niños x sesion', 30),
('TF0013', 'Tarifa de Tratamiento de Cirugia Bucal x sesion', 200);

-- --------------------------------------------------------

--
-- Estructura de tabla para la tabla `tipodocumento`
--

CREATE TABLE `tipodocumento` (
  `idTipoDocumento` int(11) NOT NULL,
  `documento` varchar(100) NOT NULL,
  `uso` char(4) NOT NULL
) ENGINE=InnoDB DEFAULT CHARSET=utf8mb4;

--
-- Volcado de datos para la tabla `tipodocumento`
--

INSERT INTO `tipodocumento` (`idTipoDocumento`, `documento`, `uso`) VALUES
(1, 'DNI', 'PERS'),
(2, 'BOLETA', 'DOC'),
(3, 'FACTURA', 'DOC'),
(4, 'CARNET DE ESTRANJERIA', 'PERS'),
(5, 'PASAPORTE', 'PERS'),
(6, 'NOTA DE VENTA', 'DOC'),
(7, 'NOTA DE CREDITO', 'DOC'),
(8, 'NOTA DE DEBITO', 'DOC'),
(9, 'RECIBO POR HONORARIOS', 'DOC');

-- --------------------------------------------------------

--
-- Estructura de tabla para la tabla `tipoemail`
--

CREATE TABLE `tipoemail` (
  `idTipoEmail` int(11) NOT NULL,
  `email` varchar(30) NOT NULL
) ENGINE=InnoDB DEFAULT CHARSET=utf8mb4;

--
-- Volcado de datos para la tabla `tipoemail`
--

INSERT INTO `tipoemail` (`idTipoEmail`, `email`) VALUES
(2, 'GMAIL.COM'),
(3, 'HOTMAIL.COM'),
(1, 'OTRO CORREO'),
(10, 'OUTLOOK.COM'),
(11, 'UNTRM.EDU.PE');

-- --------------------------------------------------------

--
-- Estructura de tabla para la tabla `tipopago`
--

CREATE TABLE `tipopago` (
  `idTipoPago` int(11) NOT NULL,
  `tipoPago` varchar(100) NOT NULL
) ENGINE=InnoDB DEFAULT CHARSET=utf8mb4;

--
-- Volcado de datos para la tabla `tipopago`
--

INSERT INTO `tipopago` (`idTipoPago`, `tipoPago`) VALUES
(1, 'Efectivo'),
(2, 'Tarjeta Credito'),
(3, 'Tarjeta de Debito'),
(4, 'Yape'),
(5, 'Plim'),
(6, 'Agora');

-- --------------------------------------------------------

--
-- Estructura de tabla para la tabla `tiporadiografia`
--

CREATE TABLE `tiporadiografia` (
  `idTipoRadiografia` int(11) NOT NULL,
  `tipoRadiografia` varchar(100) NOT NULL
) ENGINE=InnoDB DEFAULT CHARSET=utf8mb4;

-- --------------------------------------------------------

--
-- Estructura de tabla para la tabla `tipousuario`
--

CREATE TABLE `tipousuario` (
  `idTipoUsuario` int(11) NOT NULL,
  `rol` varchar(100) NOT NULL
) ENGINE=InnoDB DEFAULT CHARSET=utf8mb4;

--
-- Volcado de datos para la tabla `tipousuario`
--

INSERT INTO `tipousuario` (`idTipoUsuario`, `rol`) VALUES
(1, 'ADMINISTRADOR'),
(2, 'SECRETARIO(A)');

-- --------------------------------------------------------

--
-- Estructura de tabla para la tabla `tratamiento`
--

CREATE TABLE `tratamiento` (
  `idTratamiento` int(11) NOT NULL,
  `descripcion` varchar(200) NOT NULL,
  `codTarifa` char(6) NOT NULL,
  `idServicio` int(11) NOT NULL
) ENGINE=InnoDB DEFAULT CHARSET=utf8mb4;

--
-- Volcado de datos para la tabla `tratamiento`
--

INSERT INTO `tratamiento` (`idTratamiento`, `descripcion`, `codTarifa`, `idServicio`) VALUES
(1, 'Lesiones Dentales', 'TF0004', 2),
(2, 'Tratamiento de Caries x Sesion', 'TF0009', 2),
(3, 'Tratamiento de Ortodoncia x Sesion', 'TF0010', 7),
(4, 'Tratamiento de Dentadura Removible x Sesion', 'TF0011', 4),
(5, 'Tratamiento de Enfermedades Periodontales x Sesion', 'TF0012', 3),
(6, 'Tratamiento de Cirugia Bucal x Sesion', 'TF0013', 1);

-- --------------------------------------------------------

--
-- Estructura de tabla para la tabla `usuario`
--

CREATE TABLE `usuario` (
  `idUsuario` int(11) NOT NULL,
  `nombres` varchar(100) NOT NULL,
  `aPaterno` varchar(50) NOT NULL,
  `aMaternos` varchar(50) NOT NULL,
  `numDocumento` varchar(10) NOT NULL,
  `usuario` varchar(20) NOT NULL,
  `contraseña` varchar(32) NOT NULL,
  `fechaNacimiento` date NOT NULL,
  `telefono` varchar(15) NOT NULL,
  `direccion` varchar(200) NOT NULL,
  `idTipoDocumento` int(11) NOT NULL,
  `codigoDistrito` char(8) NOT NULL,
  `idTipoUsuario` int(11) NOT NULL
) ENGINE=InnoDB DEFAULT CHARSET=utf8mb4;

--
-- Volcado de datos para la tabla `usuario`
--

INSERT INTO `usuario` (`idUsuario`, `nombres`, `aPaterno`, `aMaternos`, `numDocumento`, `usuario`, `contraseña`, `fechaNacimiento`, `telefono`, `direccion`, `idTipoDocumento`, `codigoDistrito`, `idTipoUsuario`) VALUES
(1, 'ERICK FABRICIO', 'AYMA', 'MORENO', '72080871', 'erick', 'fd3cab18116ddcc12f595736eb7662e0', '2002-09-06', '975934929', 'JR. CHULUCANAS N°186', 1, '10201', 1),
(2, 'GABRIEL OMAR', 'IZQUIERDO', 'VILLALOBOS', '87654321', 'GABI', '81dc9bdb52d04dc20036dbd8313ed055', '2022-05-23', '9999999999', 'JR', 1, '10201', 1),
(3, 'ENMA', 'BARTUREN', 'GUEVARA', '87615432', 'ENMA', 'd93591bdf7860e1e4ee2fca799911215', '2022-05-09', '9999999999', 'jr.', 1, '10201', 1),
(4, 'JUANA MAGDALENA', 'GIL', 'PEREZ', '87615432', 'JUANA', '81dc9bdb52d04dc20036dbd8313ed055', '2022-05-23', '9999999999', 'JR', 1, '10201', 1),
(5, 'FABIOLA NAYELI', 'CRUZ', 'RAMOS', '75642515', 'fabi', '827ccb0eea8a706c4c34a16891f84e7b', '2001-10-10', '956856456', 'Jr. Las Delicias - Nº 1256', 1, '100207', 2);

--
-- Índices para tablas volcadas
--

--
-- Indices de la tabla `categoriaenfermedades`
--
ALTER TABLE `categoriaenfermedades`
  ADD PRIMARY KEY (`idCategoria`);

--
-- Indices de la tabla `categoriameicamento`
--
ALTER TABLE `categoriameicamento`
  ADD PRIMARY KEY (`idCategoriaMedicamento`);

--
-- Indices de la tabla `citas`
--
ALTER TABLE `citas`
  ADD PRIMARY KEY (`idCita`),
  ADD KEY `idEspecialista` (`idEspecialista`),
  ADD KEY `idPaciente` (`idPaciente`);

--
-- Indices de la tabla `comprobante`
--
ALTER TABLE `comprobante`
  ADD PRIMARY KEY (`serieComprobante`),
  ADD UNIQUE KEY `serieComprobante` (`serieComprobante`),
  ADD KEY `idEspecialista` (`idEspecialista`),
  ADD KEY `idPaciente` (`idPaciente`),
  ADD KEY `idTipoDocumento` (`idTipoDocumento`);

--
-- Indices de la tabla `consulta`
--
ALTER TABLE `consulta`
  ADD PRIMARY KEY (`idConsulta`),
  ADD KEY `idEspecialista` (`idEspecialista`),
  ADD KEY `idPaciente` (`idPaciente`),
  ADD KEY `codigoTarifa` (`codigoTarifa`);

--
-- Indices de la tabla `datosempresa`
--
ALTER TABLE `datosempresa`
  ADD PRIMARY KEY (`idEmpresa`),
  ADD KEY `idTipoDoc` (`idTipoDoc`),
  ADD KEY `codDistrito` (`codDistrito`);

--
-- Indices de la tabla `departamento`
--
ALTER TABLE `departamento`
  ADD PRIMARY KEY (`idDepartamento`),
  ADD KEY `avPais` (`avPais`);

--
-- Indices de la tabla `detallecomprobante`
--
ALTER TABLE `detallecomprobante`
  ADD KEY `serieComprobante` (`serieComprobante`),
  ADD KEY `codigoTarifa` (`codigoTarifa`);

--
-- Indices de la tabla `detallereceta`
--
ALTER TABLE `detallereceta`
  ADD KEY `serieReceta` (`serieReceta`),
  ADD KEY `idMedicamento` (`idMedicamento`);

--
-- Indices de la tabla `distrito`
--
ALTER TABLE `distrito`
  ADD PRIMARY KEY (`codigoPostal`),
  ADD KEY `idProvincia` (`idProvincia`);

--
-- Indices de la tabla `enfermedades`
--
ALTER TABLE `enfermedades`
  ADD PRIMARY KEY (`codigoEnf`),
  ADD UNIQUE KEY `codigoEnf` (`codigoEnf`),
  ADD KEY `idCatEnfermedad` (`idCatEnfermedad`);

--
-- Indices de la tabla `especialidades`
--
ALTER TABLE `especialidades`
  ADD PRIMARY KEY (`idEspecialidad`);

--
-- Indices de la tabla `especialistas`
--
ALTER TABLE `especialistas`
  ADD PRIMARY KEY (`idEspecialista`),
  ADD KEY `idEspecialidad` (`idEspecialidad`),
  ADD KEY `idTipoDoc` (`idTipoDoc`),
  ADD KEY `codigoDistrito` (`codigoDistrito`);

--
-- Indices de la tabla `examenes`
--
ALTER TABLE `examenes`
  ADD PRIMARY KEY (`idExamenen`),
  ADD KEY `serieRadiografia` (`serieRadiografia`),
  ADD KEY `idTratamiento` (`idTratamiento`),
  ADD KEY `codigoEnfermedad` (`codigoEnfermedad`),
  ADD KEY `codigoTarifa` (`codigoTarifa`);

--
-- Indices de la tabla `historialclinico`
--
ALTER TABLE `historialclinico`
  ADD PRIMARY KEY (`serie`),
  ADD KEY `idConsulta` (`idConsulta`),
  ADD KEY `idPaciente` (`idPaciente`),
  ADD KEY `idTratamiento` (`idTratamiento`);

--
-- Indices de la tabla `medicamentos`
--
ALTER TABLE `medicamentos`
  ADD PRIMARY KEY (`idMedicamentos`),
  ADD KEY `idCategoriaMedicamento` (`idCategoriaMedicamento`);

--
-- Indices de la tabla `paciente`
--
ALTER TABLE `paciente`
  ADD PRIMARY KEY (`idPaciente`),
  ADD KEY `idTipoDocumento` (`idTipoDocumento`),
  ADD KEY `codigoDistrito` (`codigoDistrito`);

--
-- Indices de la tabla `pago`
--
ALTER TABLE `pago`
  ADD PRIMARY KEY (`idPago`),
  ADD KEY `idTipoPago` (`idTipoPago`),
  ADD KEY `serieComprobante` (`serieComprobante`);

--
-- Indices de la tabla `pais`
--
ALTER TABLE `pais`
  ADD PRIMARY KEY (`avPais`),
  ADD UNIQUE KEY `avPais` (`avPais`);

--
-- Indices de la tabla `provincia`
--
ALTER TABLE `provincia`
  ADD PRIMARY KEY (`idProvincia`),
  ADD KEY `idDepartamento` (`idDepartamento`);

--
-- Indices de la tabla `radiografia`
--
ALTER TABLE `radiografia`
  ADD PRIMARY KEY (`serieRadiografia`),
  ADD KEY `idTipoRadiografia` (`idTipoRadiografia`);

--
-- Indices de la tabla `receta`
--
ALTER TABLE `receta`
  ADD PRIMARY KEY (`serieRecetaMedica`),
  ADD KEY `idPaciente` (`idPaciente`),
  ADD KEY `idEspecialista` (`idEspecialista`);

--
-- Indices de la tabla `servicios`
--
ALTER TABLE `servicios`
  ADD PRIMARY KEY (`idServicio`),
  ADD KEY `idEspecialista` (`idEspecialista`),
  ADD KEY `codTarifa` (`codTarifa`) USING BTREE;

--
-- Indices de la tabla `tarifa`
--
ALTER TABLE `tarifa`
  ADD PRIMARY KEY (`codTarifa`);

--
-- Indices de la tabla `tipodocumento`
--
ALTER TABLE `tipodocumento`
  ADD PRIMARY KEY (`idTipoDocumento`);

--
-- Indices de la tabla `tipoemail`
--
ALTER TABLE `tipoemail`
  ADD PRIMARY KEY (`idTipoEmail`),
  ADD UNIQUE KEY `email` (`email`);

--
-- Indices de la tabla `tipopago`
--
ALTER TABLE `tipopago`
  ADD PRIMARY KEY (`idTipoPago`);

--
-- Indices de la tabla `tiporadiografia`
--
ALTER TABLE `tiporadiografia`
  ADD PRIMARY KEY (`idTipoRadiografia`);

--
-- Indices de la tabla `tipousuario`
--
ALTER TABLE `tipousuario`
  ADD PRIMARY KEY (`idTipoUsuario`);

--
-- Indices de la tabla `tratamiento`
--
ALTER TABLE `tratamiento`
  ADD PRIMARY KEY (`idTratamiento`),
  ADD KEY `idServicio` (`idServicio`),
  ADD KEY `tratamiento_ibfk_3` (`codTarifa`);

--
-- Indices de la tabla `usuario`
--
ALTER TABLE `usuario`
  ADD PRIMARY KEY (`idUsuario`),
  ADD KEY `idTipoDocumento` (`idTipoDocumento`),
  ADD KEY `idTipoUsuario` (`idTipoUsuario`),
  ADD KEY `codigoDistrito` (`codigoDistrito`);

--
-- AUTO_INCREMENT de las tablas volcadas
--

--
-- AUTO_INCREMENT de la tabla `categoriaenfermedades`
--
ALTER TABLE `categoriaenfermedades`
  MODIFY `idCategoria` int(11) NOT NULL AUTO_INCREMENT, AUTO_INCREMENT=6;

--
-- AUTO_INCREMENT de la tabla `citas`
--
ALTER TABLE `citas`
  MODIFY `idCita` int(11) NOT NULL AUTO_INCREMENT, AUTO_INCREMENT=7;

--
-- AUTO_INCREMENT de la tabla `datosempresa`
--
ALTER TABLE `datosempresa`
  MODIFY `idEmpresa` int(11) NOT NULL AUTO_INCREMENT, AUTO_INCREMENT=2;

--
-- AUTO_INCREMENT de la tabla `departamento`
--
ALTER TABLE `departamento`
  MODIFY `idDepartamento` int(11) NOT NULL AUTO_INCREMENT, AUTO_INCREMENT=26;

--
-- AUTO_INCREMENT de la tabla `paciente`
--
ALTER TABLE `paciente`
  MODIFY `idPaciente` int(11) NOT NULL AUTO_INCREMENT, AUTO_INCREMENT=6;

--
-- AUTO_INCREMENT de la tabla `provincia`
--
ALTER TABLE `provincia`
  MODIFY `idProvincia` int(11) NOT NULL AUTO_INCREMENT, AUTO_INCREMENT=197;

--
-- AUTO_INCREMENT de la tabla `tipodocumento`
--
ALTER TABLE `tipodocumento`
  MODIFY `idTipoDocumento` int(11) NOT NULL AUTO_INCREMENT, AUTO_INCREMENT=10;

--
-- AUTO_INCREMENT de la tabla `tipoemail`
--
ALTER TABLE `tipoemail`
  MODIFY `idTipoEmail` int(11) NOT NULL AUTO_INCREMENT, AUTO_INCREMENT=12;

--
-- AUTO_INCREMENT de la tabla `tipopago`
--
ALTER TABLE `tipopago`
  MODIFY `idTipoPago` int(11) NOT NULL AUTO_INCREMENT, AUTO_INCREMENT=7;

--
-- AUTO_INCREMENT de la tabla `tipousuario`
--
ALTER TABLE `tipousuario`
  MODIFY `idTipoUsuario` int(11) NOT NULL AUTO_INCREMENT, AUTO_INCREMENT=3;

--
-- AUTO_INCREMENT de la tabla `usuario`
--
ALTER TABLE `usuario`
  MODIFY `idUsuario` int(11) NOT NULL AUTO_INCREMENT, AUTO_INCREMENT=6;

--
-- Restricciones para tablas volcadas
--

--
-- Filtros para la tabla `citas`
--
ALTER TABLE `citas`
  ADD CONSTRAINT `citas_ibfk_1` FOREIGN KEY (`idEspecialista`) REFERENCES `especialistas` (`idEspecialista`),
  ADD CONSTRAINT `citas_ibfk_2` FOREIGN KEY (`idPaciente`) REFERENCES `paciente` (`idPaciente`);

--
-- Filtros para la tabla `comprobante`
--
ALTER TABLE `comprobante`
  ADD CONSTRAINT `comprobante_ibfk_1` FOREIGN KEY (`idEspecialista`) REFERENCES `especialistas` (`idEspecialista`),
  ADD CONSTRAINT `comprobante_ibfk_2` FOREIGN KEY (`idPaciente`) REFERENCES `paciente` (`idPaciente`),
  ADD CONSTRAINT `comprobante_ibfk_3` FOREIGN KEY (`idTipoDocumento`) REFERENCES `tipodocumento` (`idTipoDocumento`);

--
-- Filtros para la tabla `consulta`
--
ALTER TABLE `consulta`
  ADD CONSTRAINT `consulta_ibfk_1` FOREIGN KEY (`idEspecialista`) REFERENCES `especialistas` (`idEspecialista`),
  ADD CONSTRAINT `consulta_ibfk_2` FOREIGN KEY (`idPaciente`) REFERENCES `paciente` (`idPaciente`),
  ADD CONSTRAINT `consulta_ibfk_3` FOREIGN KEY (`codigoTarifa`) REFERENCES `tarifa` (`codTarifa`);

--
-- Filtros para la tabla `datosempresa`
--
ALTER TABLE `datosempresa`
  ADD CONSTRAINT `datosempresa_ibfk_2` FOREIGN KEY (`idTipoDoc`) REFERENCES `tipodocumento` (`idTipoDocumento`),
  ADD CONSTRAINT `datosempresa_ibfk_3` FOREIGN KEY (`codDistrito`) REFERENCES `distrito` (`codigoPostal`);

--
-- Filtros para la tabla `departamento`
--
ALTER TABLE `departamento`
  ADD CONSTRAINT `departamento_ibfk_1` FOREIGN KEY (`avPais`) REFERENCES `pais` (`avPais`);

--
-- Filtros para la tabla `detallecomprobante`
--
ALTER TABLE `detallecomprobante`
  ADD CONSTRAINT `detallecomprobante_ibfk_1` FOREIGN KEY (`serieComprobante`) REFERENCES `comprobante` (`serieComprobante`),
  ADD CONSTRAINT `detallecomprobante_ibfk_2` FOREIGN KEY (`codigoTarifa`) REFERENCES `tarifa` (`codTarifa`);

--
-- Filtros para la tabla `detallereceta`
--
ALTER TABLE `detallereceta`
  ADD CONSTRAINT `detallereceta_ibfk_1` FOREIGN KEY (`serieReceta`) REFERENCES `receta` (`serieRecetaMedica`),
  ADD CONSTRAINT `detallereceta_ibfk_2` FOREIGN KEY (`idMedicamento`) REFERENCES `medicamentos` (`idMedicamentos`);

--
-- Filtros para la tabla `enfermedades`
--
ALTER TABLE `enfermedades`
  ADD CONSTRAINT `enfermedades_ibfk_1` FOREIGN KEY (`idCatEnfermedad`) REFERENCES `categoriaenfermedades` (`idCategoria`);

--
-- Filtros para la tabla `especialistas`
--
ALTER TABLE `especialistas`
  ADD CONSTRAINT `especialistas_ibfk_1` FOREIGN KEY (`idEspecialidad`) REFERENCES `especialidades` (`idEspecialidad`),
  ADD CONSTRAINT `especialistas_ibfk_2` FOREIGN KEY (`idTipoDoc`) REFERENCES `tipodocumento` (`idTipoDocumento`),
  ADD CONSTRAINT `especialistas_ibfk_3` FOREIGN KEY (`codigoDistrito`) REFERENCES `distrito` (`codigoPostal`);

--
-- Filtros para la tabla `examenes`
--
ALTER TABLE `examenes`
  ADD CONSTRAINT `examenes_ibfk_1` FOREIGN KEY (`serieRadiografia`) REFERENCES `radiografia` (`serieRadiografia`),
  ADD CONSTRAINT `examenes_ibfk_2` FOREIGN KEY (`idTratamiento`) REFERENCES `tratamiento` (`idTratamiento`),
  ADD CONSTRAINT `examenes_ibfk_3` FOREIGN KEY (`codigoEnfermedad`) REFERENCES `enfermedades` (`codigoEnf`),
  ADD CONSTRAINT `examenes_ibfk_4` FOREIGN KEY (`codigoTarifa`) REFERENCES `tarifa` (`codTarifa`);

--
-- Filtros para la tabla `historialclinico`
--
ALTER TABLE `historialclinico`
  ADD CONSTRAINT `historialclinico_ibfk_1` FOREIGN KEY (`idConsulta`) REFERENCES `consulta` (`idConsulta`),
  ADD CONSTRAINT `historialclinico_ibfk_2` FOREIGN KEY (`idPaciente`) REFERENCES `paciente` (`idPaciente`),
  ADD CONSTRAINT `historialclinico_ibfk_3` FOREIGN KEY (`idTratamiento`) REFERENCES `tratamiento` (`idTratamiento`);

--
-- Filtros para la tabla `medicamentos`
--
ALTER TABLE `medicamentos`
  ADD CONSTRAINT `medicamentos_ibfk_1` FOREIGN KEY (`idCategoriaMedicamento`) REFERENCES `categoriameicamento` (`idCategoriaMedicamento`);

--
-- Filtros para la tabla `paciente`
--
ALTER TABLE `paciente`
  ADD CONSTRAINT `paciente_ibfk_2` FOREIGN KEY (`idTipoDocumento`) REFERENCES `tipodocumento` (`idTipoDocumento`),
  ADD CONSTRAINT `paciente_ibfk_3` FOREIGN KEY (`codigoDistrito`) REFERENCES `distrito` (`codigoPostal`);

--
-- Filtros para la tabla `pago`
--
ALTER TABLE `pago`
  ADD CONSTRAINT `pago_ibfk_1` FOREIGN KEY (`idTipoPago`) REFERENCES `pago` (`idPago`),
  ADD CONSTRAINT `pago_ibfk_2` FOREIGN KEY (`serieComprobante`) REFERENCES `comprobante` (`serieComprobante`);

--
-- Filtros para la tabla `provincia`
--
ALTER TABLE `provincia`
  ADD CONSTRAINT `provincia_ibfk_1` FOREIGN KEY (`idDepartamento`) REFERENCES `departamento` (`idDepartamento`);

--
-- Filtros para la tabla `radiografia`
--
ALTER TABLE `radiografia`
  ADD CONSTRAINT `radiografia_ibfk_1` FOREIGN KEY (`idTipoRadiografia`) REFERENCES `tiporadiografia` (`idTipoRadiografia`);

--
-- Filtros para la tabla `receta`
--
ALTER TABLE `receta`
  ADD CONSTRAINT `receta_ibfk_1` FOREIGN KEY (`idPaciente`) REFERENCES `paciente` (`idPaciente`),
  ADD CONSTRAINT `receta_ibfk_2` FOREIGN KEY (`idEspecialista`) REFERENCES `especialistas` (`idEspecialista`);

--
-- Filtros para la tabla `servicios`
--
ALTER TABLE `servicios`
  ADD CONSTRAINT `servicios_ibfk_1` FOREIGN KEY (`idEspecialista`) REFERENCES `especialistas` (`idEspecialista`);

--
-- Filtros para la tabla `tratamiento`
--
ALTER TABLE `tratamiento`
  ADD CONSTRAINT `tratamiento_ibfk_1` FOREIGN KEY (`idServicio`) REFERENCES `servicios` (`idServicio`),
  ADD CONSTRAINT `tratamiento_ibfk_2` FOREIGN KEY (`codTarifa`) REFERENCES `tarifa` (`codTarifa`),
  ADD CONSTRAINT `tratamiento_ibfk_3` FOREIGN KEY (`codTarifa`) REFERENCES `tarifa` (`codTarifa`);

--
-- Filtros para la tabla `usuario`
--
ALTER TABLE `usuario`
  ADD CONSTRAINT `usuario_ibfk_2` FOREIGN KEY (`idTipoDocumento`) REFERENCES `tipodocumento` (`idTipoDocumento`),
  ADD CONSTRAINT `usuario_ibfk_3` FOREIGN KEY (`idTipoUsuario`) REFERENCES `tipousuario` (`idTipoUsuario`),
  ADD CONSTRAINT `usuario_ibfk_4` FOREIGN KEY (`codigoDistrito`) REFERENCES `distrito` (`codigoPostal`);
COMMIT;

/*!40101 SET CHARACTER_SET_CLIENT=@OLD_CHARACTER_SET_CLIENT */;
/*!40101 SET CHARACTER_SET_RESULTS=@OLD_CHARACTER_SET_RESULTS */;
/*!40101 SET COLLATION_CONNECTION=@OLD_COLLATION_CONNECTION */;
